,HDAC1_g1,HDAC1_g2,HDAC1_g3,HDAC1_g4,HDAC1_g5,HDAC1_g6,HDAC10_g7,HDAC10_g8,HDAC10_g9,HDAC10_g10,HDAC10_g11,HDAC10_g12,HDAC11_g13,HDAC11_g14,HDAC11_g15,HDAC11_g16,HDAC11_g17,HDAC11_g18,HDAC2_g19,HDAC2_g20,HDAC2_g21,HDAC2_g22,HDAC2_g23,HDAC2_g24,HDAC3_g25,HDAC3_g26,HDAC3_g27,HDAC3_g28,HDAC3_g29,HDAC3_g30,HDAC4_g31,HDAC4_g32,HDAC4_g33,HDAC4_g34,HDAC4_g35,HDAC4_g36,HDAC5_g37,HDAC5_g38,HDAC5_g39,HDAC5_g40,HDAC5_g41,HDAC5_g42,HDAC6_g43,HDAC6_g44,HDAC6_g45,HDAC6_g46,HDAC6_g47,HDAC6_g48,HDAC7_g49,HDAC7_g50,HDAC7_g51,HDAC7_g52,HDAC7_g53,HDAC7_g54,HDAC8_g55,HDAC8_g56,HDAC8_g57,HDAC8_g58,HDAC8_g59,HDAC8_g60,HDAC9_g61,HDAC9_g62,HDAC9_g63,HDAC9_g64,HDAC9_g65,HDAC9_g66,SIRT1_g67,SIRT1_g68,SIRT1_g69,SIRT1_g70,SIRT1_g71,SIRT1_g72,SIRT2_g73,SIRT2_g74,SIRT2_g75,SIRT2_g76,SIRT2_g77,SIRT2_g78,SIRT3_g79,SIRT3_g80,SIRT3_g81,SIRT3_g82,SIRT3_g83,SIRT3_g84,SIRT4_g85,SIRT4_g86,SIRT4_g87,SIRT4_g88,SIRT4_g89,SIRT4_g90,SIRT5_g91,SIRT5_g92,SIRT5_g93,SIRT5_g94,SIRT5_g95,SIRT5_g96,SIRT6_g97,SIRT6_g98,SIRT6_g99,SIRT6_g100,SIRT6_g101,SIRT6_g102,SIRT7_g103,SIRT7_g104,SIRT7_g105,SIRT7_g106,SIRT7_g107,SIRT7_g108,SMARCA1_g1,SMARCA1_g2,SMARCA1_g3,SMARCA1_g4,SMARCA1_g5,SMARCA1_g6,SMARCA2_g7,SMARCA2_g8,SMARCA2_g9,SMARCA2_g10,SMARCA2_g11,SMARCA2_g12,SMARCA4_g13,SMARCA4_g14,SMARCA4_g15,SMARCA4_g16,SMARCA4_g17,SMARCA4_g18,SMARCA5_g19,SMARCA5_g20,SMARCA5_g21,SMARCA5_g22,SMARCA5_g23,SMARCA5_g24,SMARCAD1_g25,SMARCAD1_g26,SMARCAD1_g27,SMARCAD1_g28,SMARCAD1_g29,SMARCAD1_g30,SMARCAL1_g31,SMARCAL1_g32,SMARCAL1_g33,SMARCAL1_g34,SMARCAL1_g35,SMARCAL1_g36,SMARCB1_g37,SMARCB1_g38,SMARCB1_g39,SMARCB1_g40,SMARCB1_g41,SMARCB1_g42,SMARCC1_g43,SMARCC1_g44,SMARCC1_g45,SMARCC1_g46,SMARCC1_g47,SMARCC1_g48,SMARCC2_g49,SMARCC2_g50,SMARCC2_g51,SMARCC2_g52,SMARCC2_g53,SMARCC2_g54,SMARCD1_g55,SMARCD1_g56,SMARCD1_g57,SMARCD1_g58,SMARCD1_g59,SMARCD1_g60,SMARCD2_g61,SMARCD2_g62,SMARCD2_g63,SMARCD2_g64,SMARCD2_g65,SMARCD2_g66,SMARCD3_g67,SMARCD3_g68,SMARCD3_g69,SMARCD3_g70,SMARCD3_g71,SMARCD3_g72,SMARCE1_g73,SMARCE1_g74,SMARCE1_g75,SMARCE1_g76,SMARCE1_g77,SMARCE1_g78,SET_g1,SET_g2,SET_g3,SET_g4,SET_g5,SET_g6,SETBP1_g7,SETBP1_g8,SETBP1_g9,SETBP1_g10,SETBP1_g11,SETBP1_g12,SETD1A_g13,SETD1A_g14,SETD1A_g15,SETD1A_g16,SETD1A_g17,SETD1A_g18,SETD1B_g19,SETD1B_g20,SETD1B_g21,SETD1B_g22,SETD1B_g23,SETD1B_g24,SETD2_g25,SETD2_g26,SETD2_g27,SETD2_g28,SETD2_g29,SETD2_g30,SETD3_g31,SETD3_g32,SETD3_g33,SETD3_g34,SETD3_g35,SETD3_g36,SETD4_g37,SETD4_g38,SETD4_g39,SETD4_g40,SETD4_g41,SETD4_g42,SETD5_g43,SETD5_g44,SETD5_g45,SETD5_g46,SETD5_g47,SETD5_g48,SETD6_g49,SETD6_g50,SETD6_g51,SETD6_g52,SETD6_g53,SETD6_g54,SETD7_g55,SETD7_g56,SETD7_g57,SETD7_g58,SETD7_g59,SETD7_g60,SETD8_g61,SETD8_g62,SETD8_g63,SETD8_g64,SETD9_g65,SETD9_g66,SETD9_g67,SETD9_g68,SETD9_g69,SETD9_g70,SETDB1_g71,SETDB1_g72,SETDB1_g73,SETDB1_g74,SETDB1_g75,SETDB1_g76,SETDB2_g77,SETDB2_g78,SETDB2_g79,SETDB2_g80,SETDB2_g81,SETDB2_g82,BRD1_g1,BRD1_g2,BRD1_g3,BRD1_g4,BRD1_g5,BRD1_g6,BRD2_g7,BRD2_g8,BRD2_g9,BRD2_g10,BRD2_g11,BRD2_g12,BRD3_g13,BRD3_g14,BRD3_g15,BRD3_g16,BRD3_g17,BRD3_g18,BRD4_g19,BRD4_g20,BRD4_g21,BRD4_g22,BRD4_g23,BRD4_g24,BRD7_g25,BRD7_g26,BRD7_g27,BRD7_g28,BRD7_g29,BRD7_g30,BRD8_g31,BRD8_g32,BRD8_g33,BRD8_g34,BRD8_g35,BRD8_g36,BRD9_g37,BRD9_g38,BRD9_g39,BRD9_g40,BRD9_g41,BRD9_g42,DNMT1_g43,DNMT1_g44,DNMT1_g45,DNMT1_g46,DNMT1_g47,DNMT1_g48,DNMT3A_g49,DNMT3A_g50,DNMT3A_g51,DNMT3A_g52,DNMT3A_g53,DNMT3A_g54,DNMT3B_g55,DNMT3B_g56,DNMT3B_g57,DNMT3B_g58,DNMT3B_g59,DNMT3B_g60,DNMT3L_g61,DNMT3L_g62,DNMT3L_g63,DNMT3L_g64,DNMT3L_g65,DNMT3L_g66,KMT2A_g67,KMT2A_g68,KMT2A_g69,KMT2A_g70,KMT2A_g71,KMT2A_g72,KMT2B_g73,KMT2B_g74,KMT2B_g75,KMT2B_g76,KMT2B_g77,KMT2B_g78,KMT2C_g79,KMT2C_g80,KMT2C_g81,KMT2C_g82,KMT2C_g83,KMT2C_g84,KMT2D_g85,KMT2D_g86,KMT2D_g87,KMT2D_g88,KMT2D_g89,KMT2D_g90,KMT2E_g91,KMT2E_g92,KMT2E_g93,KMT2E_g94,KMT2E_g95,KMT2E_g96,BCL6_g1,BCL6_g2,BCL6_g3,BCL6_g4,BCL6_g5,BCL6_g6,EZH1_g7,EZH1_g8,EZH1_g9,EZH1_g10,EZH1_g11,EZH1_g12,EZH2_g13,EZH2_g14,EZH2_g15,EZH2_g16,EZH2_g17,EZH2_g18,JARID2_g19,JARID2_g20,JARID2_g21,JARID2_g22,JARID2_g23,JARID2_g24,DOT1L_g25,DOT1L_g26,DOT1L_g27,DOT1L_g28,DOT1L_g29,DOT1L_g30,EED_g31,EED_g32,EED_g33,EED_g34,EED_g35,EED_g36,SUZ12_g37,SUZ12_g38,SUZ12_g39,SUZ12_g40,SUZ12_g41,SUZ12_g42,AEBP1_g43,AEBP1_g44,AEBP1_g45,AEBP1_g46,AEBP1_g47,AEBP1_g48,AEBP2_g49,AEBP2_g50,AEBP2_g51,AEBP2_g52,AEBP2_g53,AEBP2_g54,RBBP4_g55,RBBP4_g56,RBBP4_g57,RBBP4_g58,RBBP4_g59,RBBP4_g60,PHF1_g61,PHF1_g62,PHF1_g63,PHF1_g64,PHF1_g65,PHF1_g66,EP300_g67,EP300_g68,EP300_g69,EP300_g70,EP300_g71,EP300_g72,ASH1L_g73,ASH1L_g74,ASH1L_g75,ASH1L_g76,ASH1L_g77,ASH1L_g78,EHMT1_g79,EHMT1_g80,EHMT1_g81,EHMT1_g82,EHMT1_g83,EHMT1_g84,EHMT2_g85,EHMT2_g86,EHMT2_g87,EHMT2_g88,EHMT2_g89,EHMT2_g90,PRDM2_g91,PRDM2_g92,PRDM2_g93,PRDM2_g94,PRDM2_g95,PRDM2_g96,NSD1_g97,NSD1_g98,NSD1_g99,NSD1_g100,NSD1_g101,NSD1_g102,SOX9_g1,SOX9_g2,SOX9_g3,SOX9_g4,SOX9_g5,SOX9_g6,PROM1_g7,PROM1_g8,PROM1_g9,PROM1_g10,PROM1_g11,PROM1_g12,KRT20_g13,KRT20_g14,KRT20_g15,KRT20_g16,KRT20_g17,KRT20_g18,LRIG1_g19,LRIG1_g20,LRIG1_g21,LRIG1_g22,LRIG1_g23,LRIG1_g24,CTRL0001_g25,CTRL0002_g26,CTRL0003_g27,CTRL0004_g28,CTRL0005_g29,CTRL0006_g30,CTRL0007_g31,CTRL0008_g32,CTRL0009_g33,CTRL0010_g34,ROSA26_g35,ROSA26_g36,ROSA26_g37,ROSA26_g38,ROSA26_g39,ROSA26_g40,ROSA26_g41,ROSA26_g42,ROSA26_g43,ROSA26_g44,CCR5_g45,CCR5_g46,CCR5_g47,CCR5_g48,CCR5_g49,CCR5_g50,CCR5_g51,CCR5_g52,CCR5_g53,CCR5_g54,AAVS1_g55,AAVS1_g56,AAVS1_g57,AAVS1_g58,AAVS1_g59,AAVS1_g60,AAVS1_g61,AAVS1_g62,AAVS1_g63,AAVS1_g64,EGFP_g65,EGFP_g66,EGFP_g67,EGFP_g68,EGFP_g69,EGFP_g70,mKate2_g71,mKate2_g72,mKate2_g73,mKate2_g74,mKate2_g75,mKate2_g76
L1_F1,179,84,102,245,129,196,266,113,300,113,158,204,247,79,151,345,245,259,49,133,148,67,104,160,182,169,445,118,52,69,182,43,154,86,97,136,119,321,312,80,91,185,117,316,86,223,170,192,189,171,77,56,72,74,193,170,224,131,70,217,51,639,62,189,138,182,293,180,415,212,190,252,57,140,29,49,14,126,109,39,56,51,36,44,140,63,31,277,147,98,93,163,239,213,179,125,164,99,236,145,319,122,194,104,177,43,182,70,372,225,110,108,78,66,58,154,226,77,48,102,62,90,240,173,102,35,144,61,71,186,106,34,237,72,143,43,156,117,237,64,62,133,75,204,75,43,129,364,56,219,111,403,261,48,116,49,65,84,45,134,42,269,385,92,117,181,105,152,123,127,76,67,91,57,198,228,44,91,68,220,99,121,55,51,49,77,238,179,53,68,105,141,269,139,117,130,174,74,109,284,136,32,70,36,118,123,82,111,30,96,60,125,92,38,37,58,176,47,98,166,75,115,57,50,164,190,83,97,155,41,54,58,114,76,84,96,123,74,118,384,463,236,55,53,209,40,31,130,48,102,218,104,147,106,39,120,161,142,50,331,212,95,60,124,111,133,206,233,126,107,423,150,158,33,93,97,116,58,53,84,179,137,93,52,36,113,132,30,52,60,87,80,136,92,41,15,139,64,146,128,100,255,104,75,179,497,56,189,72,142,91,39,75,73,203,73,89,22,99,162,160,25,134,77,32,96,50,170,104,82,165,37,67,69,178,98,79,79,214,65,105,47,119,54,49,102,139,78,38,87,55,131,43,125,142,81,107,267,220,101,41,141,44,165,132,142,345,251,87,45,67,57,62,52,173,89,199,49,131,52,35,65,138,150,361,115,110,61,47,103,171,66,49,74,194,57,185,105,109,109,174,60,92,39,113,161,134,189,86,112,284,109,70,65,52,57,15,72,40,116,117,81,117,37,138,86,67,251,193,206,35,257,87,187,253,49,266,56,93,62,176,52,120,51,91,172,87,44,79,56,238,36,116,35,70,116,127,111,96,45,126,142,132,97,48,83,7875,4425,6089,3786,8508,17183,14201,18021,11704,21674,10116,10135,20242,28761,18868,8710,34178,15204,16596,9376,10274,17791,26684,10073,8729,9019,32232,5881,11632,23195,13201,13095,11903,19108,19650,12745,19628,13555,13482,18099,18395,10529,5253,16234,10500,14383,8724,6875,8757,13110,7815,14021,6344,13456,15021,10769,10472,7033,11244,4305,8626,15816,5170,6257,26304,31726,14507,16976,26430,20456,8020,8957,9037,4277,7576,13264
L1_F2,141,80,66,222,113,218,169,100,205,70,153,175,230,49,87,296,210,220,46,82,133,47,79,108,144,139,335,116,33,58,187,39,125,67,82,136,102,248,262,74,73,140,92,263,97,190,137,192,174,150,56,51,54,66,137,160,175,149,69,182,58,570,88,164,143,124,253,103,320,189,170,190,47,109,30,53,31,122,96,30,45,43,33,37,131,83,32,163,90,74,107,121,185,154,136,68,147,97,190,99,284,133,157,94,206,29,163,49,276,204,74,85,48,79,50,107,229,65,31,97,62,74,189,136,119,55,98,59,73,153,104,29,181,51,135,34,115,116,169,42,49,120,58,185,64,58,98,252,50,174,87,293,244,26,99,55,48,77,43,96,44,173,282,86,93,127,76,115,91,93,41,63,55,56,183,172,47,109,49,193,71,109,42,31,33,53,202,132,37,53,76,114,236,115,113,110,145,73,94,221,125,34,43,46,73,99,76,87,35,75,42,115,92,29,26,27,133,25,96,138,52,94,39,29,132,142,66,85,142,29,44,27,97,59,60,78,76,51,85,272,365,199,25,37,147,28,34,139,32,107,205,84,117,65,30,107,150,95,53,220,178,86,53,107,71,110,187,169,122,82,346,130,138,26,52,104,113,51,44,76,120,99,82,66,40,98,124,40,52,63,65,63,111,48,49,23,108,37,128,124,79,221,107,71,127,338,46,154,48,151,87,37,53,87,120,44,70,28,83,150,132,28,140,49,38,83,34,126,76,60,139,38,81,57,107,69,76,77,151,40,63,36,80,48,37,93,140,59,50,65,45,102,40,107,120,78,73,192,185,109,23,134,17,146,106,113,257,194,82,46,70,36,55,62,127,78,129,20,109,46,30,50,110,118,270,88,121,53,35,68,161,50,44,66,141,68,160,71,70,94,133,48,74,33,105,114,124,153,81,74,243,109,63,49,57,44,18,55,33,100,100,78,106,34,126,67,94,164,138,158,28,177,67,153,178,39,213,44,86,40,124,52,95,41,59,164,47,58,57,56,225,48,78,28,81,78,105,94,72,48,105,132,108,76,34,80,7390,4821,5878,3686,8433,15079,11781,14761,10105,17267,8111,8488,11443,17491,10180,4942,19350,9830,13523,7827,8583,15409,21851,8028,7018,7287,24787,4982,9452,18529,10678,10518,9350,16193,15500,9651,15726,11179,11031,13824,15100,8573,4135,14454,8983,11817,7281,5630,7096,11032,6547,11810,4904,10892,11984,8386,8553,5609,9042,3758,7125,12874,4421,5226,12290,16130,8546,9816,13912,15311,6752,7769,7447,3606,6571,11117
L1_F3,147,65,56,157,94,150,165,75,188,85,107,112,201,60,84,239,175,165,32,80,104,35,77,88,142,111,283,93,31,51,114,30,67,83,75,89,73,200,239,55,47,106,72,228,64,133,114,138,157,131,37,48,55,57,122,108,169,113,60,156,47,452,63,99,96,123,179,91,302,136,115,185,51,93,16,28,25,100,69,24,45,45,23,30,99,58,24,176,66,57,79,119,129,135,100,69,106,82,132,114,238,128,144,88,158,22,149,38,263,198,81,50,50,56,44,93,140,58,36,66,51,55,166,111,80,28,79,52,36,117,68,26,161,49,68,36,86,75,126,54,52,91,49,161,50,38,98,215,60,147,62,240,180,20,75,39,45,58,33,91,21,171,261,35,90,140,31,84,83,65,32,54,67,47,140,138,35,98,42,154,40,87,50,15,31,49,140,106,26,52,63,116,148,123,71,88,127,70,70,194,84,20,41,41,64,62,54,74,24,70,38,97,49,18,28,30,109,29,75,108,48,70,45,26,110,117,70,76,108,16,53,31,59,51,31,72,73,47,89,240,304,145,26,44,117,26,31,108,29,66,156,77,109,51,32,88,138,97,41,198,181,58,37,88,56,80,158,156,95,64,294,96,68,19,66,67,96,31,38,76,107,83,59,42,38,84,81,31,52,34,37,68,91,48,43,8,97,29,120,98,89,189,100,64,116,288,49,147,38,106,59,21,59,60,136,62,62,17,60,107,111,30,112,53,31,63,28,103,74,53,101,30,33,40,92,69,42,62,139,40,88,32,98,36,22,79,113,46,27,57,25,70,27,93,108,57,71,140,161,81,28,103,21,125,75,101,226,152,62,39,43,39,50,49,118,73,110,25,73,38,37,52,92,89,233,93,74,53,36,64,121,55,44,56,131,47,122,60,68,82,118,31,68,21,88,73,69,120,66,75,180,88,54,30,23,33,16,47,23,89,68,54,82,25,109,61,54,155,117,130,27,158,40,105,117,15,164,34,55,24,114,41,74,36,56,107,55,33,52,38,177,27,64,20,46,86,76,93,66,32,94,75,84,60,34,70,5940,3775,4571,2840,6652,12029,9481,11759,7942,14106,6694,6709,3856,6613,3554,2099,7103,4514,10820,6393,6858,12324,17563,6721,5797,5808,21011,3953,7590,14733,8553,8549,7523,12375,12897,8481,13017,8885,8775,11688,12656,6717,3432,10887,7093,9791,5761,4465,5861,8926,5188,9661,4403,8803,9946,6952,7055,4479,7302,2863,5982,10796,3523,4199,3339,4943,3196,3863,4635,10031,5212,6127,6012,2786,5162,8968
L1_F4,129,54,67,220,103,216,227,99,221,92,175,150,240,68,97,324,218,208,38,108,152,47,112,115,151,129,411,124,49,78,145,42,143,89,103,110,110,254,315,70,65,170,80,278,86,213,142,220,193,174,69,67,73,87,186,140,188,155,56,198,61,534,71,155,115,139,230,112,417,177,162,216,74,140,31,51,22,116,92,41,48,60,32,46,136,90,29,211,108,74,108,145,194,170,143,85,174,88,188,122,297,113,173,105,199,27,186,44,281,246,103,100,66,88,40,123,203,77,39,94,45,104,192,152,128,54,136,50,53,163,84,27,186,46,134,30,122,105,187,64,53,104,78,164,84,52,133,297,64,161,105,335,233,32,91,56,67,65,47,150,39,241,348,74,110,180,60,132,117,121,68,71,99,52,168,176,44,110,70,218,55,108,37,39,35,70,228,167,55,53,77,97,231,119,116,138,137,64,105,228,122,33,59,37,74,77,74,120,28,56,57,116,102,32,41,31,166,43,99,115,61,100,53,47,174,171,46,97,116,33,67,41,83,56,69,95,131,72,110,323,331,189,51,55,162,41,28,122,53,88,239,114,131,83,45,107,165,127,53,262,188,117,82,97,84,112,186,225,104,75,358,139,143,18,62,80,112,48,39,94,164,143,90,53,46,119,108,29,53,61,87,83,130,61,50,11,114,44,146,122,100,241,116,78,163,396,43,183,50,131,66,41,82,84,167,58,87,15,100,165,125,28,154,54,39,114,40,141,73,81,164,40,86,73,129,70,71,100,212,49,80,36,86,44,37,112,124,60,34,61,41,111,29,104,110,95,97,206,149,97,30,120,30,148,104,143,302,177,108,63,66,50,69,66,149,79,149,32,106,61,25,64,136,114,309,121,112,40,48,64,152,56,49,72,171,56,178,65,69,109,127,55,78,39,107,135,110,183,75,106,262,114,67,48,60,44,20,80,32,112,98,101,101,37,149,82,82,177,161,183,21,196,52,99,137,31,229,72,60,43,138,47,119,43,64,163,95,49,84,64,210,53,115,28,72,96,117,134,110,41,113,127,134,95,49,83,9412,6440,7496,4817,10689,18480,12509,15761,10383,18429,9230,9241,4335,7309,3814,2290,7658,4788,14849,8466,9201,16228,23610,8743,7323,8051,28099,5165,10188,19330,11490,11213,10149,16686,17350,11126,16997,11909,11787,15581,16909,9327,4529,15062,9457,12865,7744,6049,7757,12060,6885,13011,5766,11882,13295,9429,9371,5993,9662,3884,7749,14413,4573,5605,3545,5076,3723,4234,4864,11443,7938,9018,8526,4187,7125,12616
L1_F5,81,30,30,70,46,99,77,58,98,45,65,63,97,35,35,158,112,98,21,39,60,21,42,43,64,63,166,32,12,33,73,11,65,30,35,56,54,106,130,41,21,57,38,100,28,97,61,84,87,58,28,28,16,26,70,56,86,53,22,80,25,221,30,83,59,68,90,53,153,86,68,91,22,56,8,21,21,48,38,13,25,16,10,13,51,53,11,70,42,23,50,64,79,66,65,38,75,28,63,48,124,53,82,60,83,9,84,21,146,76,50,33,24,30,30,50,68,28,14,44,18,36,99,67,34,16,51,21,27,58,28,18,80,17,63,22,52,30,60,16,25,27,20,68,27,18,50,111,19,69,41,126,116,8,38,21,18,34,17,49,17,101,139,24,45,65,34,79,49,55,26,33,27,17,79,70,17,39,28,81,31,43,31,11,12,17,81,51,16,27,27,45,102,51,35,53,48,33,40,107,50,6,18,23,33,34,41,48,15,32,30,43,32,14,12,16,60,20,32,55,29,43,14,24,63,71,29,37,56,15,31,12,44,28,20,30,49,31,57,108,168,86,16,16,67,13,16,66,13,41,84,44,53,38,22,43,56,55,23,121,86,41,21,36,26,49,95,80,57,36,142,50,49,7,32,33,53,26,27,35,57,65,34,17,18,34,71,12,10,23,26,32,47,31,15,7,56,23,49,56,42,102,40,38,52,155,27,75,35,42,24,11,26,29,72,38,32,13,39,50,59,10,50,25,17,42,12,46,40,35,46,7,31,27,47,41,36,32,76,19,41,19,34,17,13,54,63,22,25,38,20,43,20,37,54,32,44,83,79,31,12,53,19,71,56,46,123,80,44,15,29,18,27,30,40,39,67,21,51,17,12,23,40,49,121,52,42,16,17,33,52,34,23,26,61,21,85,28,32,47,61,22,32,7,47,60,49,68,32,36,96,42,44,23,27,23,3,25,15,47,43,41,41,6,44,39,36,80,60,66,11,83,15,72,63,16,88,23,23,21,59,24,44,22,34,61,19,20,40,40,89,20,34,17,25,40,41,40,30,19,52,40,54,39,14,35,3718,2291,2851,1849,4101,7115,5066,6467,4273,7444,3614,3638,4145,6463,3955,1854,7380,3768,6006,3399,3771,6939,9737,3514,3063,3236,11260,1973,3973,8089,4574,4596,4104,6761,6668,4450,6991,4853,4621,6278,7034,3685,1883,6337,3691,5317,3072,2510,3448,4882,2791,5041,2252,4703,5406,3860,3678,2397,3933,1567,3158,5719,1809,2196,4682,6116,3373,3715,5306,6212,3018,3410,3439,1632,2795,4937
L1_unknown,56,22,29,83,58,68,88,42,75,28,62,54,89,33,38,137,96,75,16,39,52,16,32,45,54,46,128,37,15,27,59,19,46,31,30,67,53,90,105,36,29,50,37,106,32,88,53,74,64,71,14,22,13,25,62,51,70,39,26,55,20,219,28,64,51,48,94,53,132,57,63,93,21,66,13,5,14,49,50,15,20,16,11,17,50,21,9,72,40,30,40,38,66,68,47,36,58,23,72,38,105,44,72,52,72,11,59,19,101,91,40,39,25,37,17,49,87,25,19,30,18,24,79,46,46,17,36,15,18,67,37,10,80,19,50,13,42,43,72,15,23,51,22,65,25,16,36,110,24,59,40,132,102,13,32,22,18,39,24,62,17,89,153,22,36,60,25,55,44,54,23,27,31,17,78,76,13,42,28,63,27,45,19,13,13,22,80,40,15,18,25,41,73,56,36,37,65,28,43,97,41,8,20,13,39,36,31,33,10,39,22,55,29,6,6,10,62,24,28,55,17,41,18,18,40,74,24,20,59,12,21,25,28,20,20,24,39,24,40,119,138,77,13,21,64,16,10,54,15,33,59,46,71,35,28,59,70,57,17,96,72,45,23,40,30,56,66,82,46,30,131,49,48,10,32,44,45,23,21,32,69,42,24,21,22,29,49,18,17,28,23,28,45,29,9,8,63,20,53,49,31,77,53,30,58,162,22,66,21,55,25,15,22,30,59,28,36,11,25,49,51,9,55,20,13,36,14,41,51,32,59,7,21,28,49,22,31,20,87,18,27,6,36,15,15,39,51,27,16,35,23,44,7,34,47,33,33,64,76,33,11,54,15,56,44,36,112,63,29,21,30,26,23,25,55,25,64,9,45,11,19,36,50,38,121,34,38,17,19,20,51,26,21,24,49,22,67,28,22,38,61,17,47,17,39,46,40,55,32,37,92,31,18,19,22,13,13,18,9,34,32,32,33,15,45,28,32,72,79,73,12,69,17,53,62,12,110,24,32,22,65,19,36,11,28,62,30,18,31,29,64,20,36,14,26,47,39,50,32,21,58,48,52,29,22,30,3068,1873,2350,1319,3301,6234,4671,5575,4010,7148,3673,3405,3801,5510,3450,1851,6776,3126,5288,3050,2930,5658,8076,3313,2683,2964,10469,1888,3671,7471,4318,4289,3674,5920,6729,4215,6416,4232,4358,5920,6173,3347,1689,5619,3413,4992,2900,2412,2736,4274,2599,4919,2175,4222,5121,3383,3560,2327,3693,1417,2845,5359,1735,2102,3993,4955,2661,3190,4387,5064,2837,2764,2850,1386,2673,4521
L2_F1,123,67,80,195,109,190,179,81,217,85,124,124,229,50,100,312,214,190,52,84,125,48,81,95,146,135,295,90,29,61,168,52,101,80,67,106,102,264,228,71,54,109,82,248,78,184,116,193,149,114,51,48,33,77,171,152,157,116,63,139,53,481,59,130,123,118,242,119,366,158,149,183,46,122,22,34,20,108,92,22,53,56,35,34,125,65,29,179,111,77,74,109,159,173,107,77,123,69,140,113,233,117,153,98,164,31,161,41,259,200,90,94,84,57,40,80,204,73,37,84,49,64,200,139,107,37,93,43,53,136,64,37,195,54,105,36,87,61,147,49,50,116,71,150,60,40,95,289,36,127,78,305,217,39,95,45,67,59,39,95,33,193,310,57,94,138,49,112,108,116,62,65,95,41,178,179,33,93,68,125,51,104,43,42,25,43,194,154,46,51,79,112,159,123,85,87,142,81,86,259,89,24,44,27,68,73,63,70,19,69,51,121,83,25,31,34,151,33,80,111,88,80,35,40,152,140,60,86,123,29,69,44,77,52,54,81,104,56,76,306,348,181,51,35,135,17,28,87,39,81,193,73,161,59,38,80,146,109,49,238,168,92,75,110,73,104,183,163,99,76,291,139,127,32,70,89,111,64,37,87,120,140,75,38,51,79,103,19,58,48,52,51,84,46,39,15,119,34,125,105,69,198,71,47,144,314,57,175,55,111,53,35,63,75,155,60,73,18,43,145,105,18,135,51,34,80,32,127,62,57,128,33,62,57,111,75,68,57,168,47,106,38,84,48,25,64,116,53,41,53,34,79,27,121,124,83,99,201,153,113,25,114,27,151,103,98,238,158,66,44,65,32,97,52,125,67,165,35,102,49,37,46,122,134,264,100,106,49,30,70,113,56,61,50,131,42,165,60,74,122,117,67,56,40,88,124,90,161,73,102,225,121,60,38,49,26,25,52,35,78,72,81,90,20,106,65,94,159,142,147,26,197,60,120,122,36,188,50,68,47,135,36,73,39,59,145,68,42,58,59,181,30,78,21,50,89,76,88,88,37,107,118,85,83,38,67,10989,8129,8385,5334,12504,18736,10881,14057,8930,16668,7715,7911,9424,14342,8571,4443,15800,7948,12691,7134,7657,13362,20362,7722,6667,7065,25070,4587,9093,17693,9979,10013,9387,14443,15188,9661,15576,10730,10289,13791,14645,7831,4148,12444,8356,11071,6811,5466,6571,10437,6159,11111,4984,10557,11357,8093,8212,5359,8579,3444,6781,12329,4054,4995,10186,13359,6974,8310,11693,13418,14273,16376,16939,7742,12461,20195
L2_F2,127,68,56,170,124,187,175,79,215,82,112,119,217,70,79,271,194,185,26,74,103,45,64,91,120,98,294,68,27,45,162,40,115,82,66,94,73,199,235,70,60,134,63,207,69,193,121,174,157,119,57,42,54,54,149,143,147,102,40,161,49,520,53,134,117,109,218,92,289,156,115,222,51,98,18,37,23,75,87,27,42,47,31,44,107,52,44,174,98,66,79,93,167,140,142,70,104,55,145,105,272,103,130,101,165,35,163,36,249,179,103,98,59,68,44,108,174,58,28,70,39,69,137,119,112,47,96,52,56,105,64,32,166,35,101,28,120,70,153,40,57,108,44,154,50,57,90,238,36,171,90,276,179,32,70,30,65,82,42,111,26,209,268,57,77,137,50,104,86,78,51,57,72,50,140,182,41,92,45,167,43,99,39,39,51,51,181,136,31,55,80,124,179,108,84,120,145,59,100,211,85,13,45,31,68,70,69,69,16,64,48,99,89,30,32,36,135,31,71,104,56,75,46,26,133,129,60,74,124,39,48,38,69,52,52,70,86,57,69,218,346,180,19,41,147,30,20,95,37,76,201,82,133,77,30,98,111,99,44,237,151,73,48,99,42,98,152,166,101,74,307,112,95,32,58,62,97,37,43,76,126,89,83,40,71,86,72,26,56,24,81,48,119,72,36,8,107,39,115,85,66,211,80,60,117,347,54,146,53,102,54,31,71,51,144,52,67,23,60,123,137,15,106,49,31,78,31,135,68,64,131,24,55,62,101,62,65,59,149,50,107,32,85,35,41,91,83,51,38,67,38,77,21,81,96,65,64,186,174,87,24,134,30,125,87,122,271,165,67,51,42,42,56,47,116,80,114,32,96,36,38,45,85,105,254,67,86,58,41,65,120,44,54,58,145,56,115,66,47,84,142,50,89,30,98,100,85,139,52,71,203,85,62,39,51,33,13,46,31,86,68,70,76,20,119,65,81,159,139,170,14,154,53,129,105,19,192,41,72,39,112,55,80,30,49,133,61,39,66,54,178,41,96,24,77,81,102,88,57,36,119,94,115,57,38,68,6514,3750,5013,3018,7111,14148,10417,13212,8863,15130,7316,7187,8473,12704,7271,3747,14043,7491,11964,6928,7602,13787,19185,7043,6097,6391,22556,4220,8695,16632,9556,9544,8704,14268,13591,8462,13902,9945,9560,12113,13272,7660,3942,13016,8017,10043,6511,5023,6310,9724,5970,10876,4510,9751,10867,7148,7654,4829,8234,3182,6440,11278,3984,4673,9208,12181,6531,7584,10747,12678,4622,5069,5030,2581,5024,8994
L2_F3,152,81,89,225,135,166,195,77,272,108,128,166,247,86,78,347,249,228,51,98,152,46,92,117,189,136,419,105,39,66,172,38,139,103,97,114,101,282,263,77,64,161,98,270,97,208,138,171,152,206,83,72,62,80,176,156,178,114,85,176,45,560,97,143,144,137,243,109,368,188,146,240,56,122,26,49,19,144,93,49,58,56,37,51,150,88,34,215,137,63,92,99,182,189,93,95,170,81,194,160,282,149,190,105,180,26,193,63,314,226,100,97,50,74,57,108,192,66,40,87,53,90,194,158,120,48,91,52,57,153,59,36,181,48,129,35,128,115,197,56,92,131,78,168,76,45,125,289,58,176,98,331,229,55,95,51,80,62,57,127,51,228,304,85,97,156,64,122,110,126,66,97,59,71,206,197,39,117,62,205,84,90,53,37,49,63,255,150,32,45,105,124,251,133,77,147,164,62,90,291,100,26,58,32,81,94,84,96,29,76,39,124,109,23,42,23,154,55,69,120,63,77,33,46,160,148,87,78,129,33,53,43,88,74,50,62,110,47,118,280,386,196,32,41,153,34,22,111,45,111,217,98,132,85,30,90,169,101,41,282,195,113,72,103,80,139,183,167,112,77,322,139,126,18,69,96,117,50,51,81,172,105,98,47,39,114,125,18,37,56,58,83,131,85,66,12,121,27,157,142,95,246,116,72,144,400,69,200,73,128,65,46,87,94,163,74,73,15,78,144,146,26,137,50,39,112,46,138,90,80,130,42,53,67,133,92,66,98,190,42,121,44,92,62,33,107,109,65,45,93,49,89,43,101,140,79,86,211,192,112,45,154,39,142,129,123,268,235,87,55,66,52,83,62,155,87,145,43,127,53,33,54,140,152,295,119,92,41,46,77,164,63,58,82,171,55,170,67,92,101,159,55,76,43,89,120,104,175,101,86,231,113,75,42,53,42,12,46,35,103,100,79,103,30,136,99,92,170,167,148,41,181,63,170,185,34,232,51,77,37,144,60,113,50,61,142,66,61,91,82,210,25,78,31,73,118,112,111,90,49,125,100,122,66,54,88,5675,3002,4519,2715,6131,14198,12607,15360,10366,18762,9019,8994,10020,15002,8970,4696,17697,8732,14203,8420,8815,15759,23048,8749,7304,7814,27560,5150,10347,19704,11017,11517,9973,16141,16623,10756,17129,11467,11073,15820,16382,8837,4613,14482,9744,12657,7883,6019,7271,11748,7027,13407,5557,12043,13287,9074,9552,6088,9698,3790,7955,14076,4667,5351,11436,14753,7827,9384,12762,15229,3366,3360,3633,1876,3535,7361
L2_F4,118,61,34,116,112,145,124,58,183,59,88,90,179,46,76,226,152,142,19,58,86,32,50,73,115,98,264,64,18,62,112,28,81,61,52,90,71,157,147,39,40,111,60,188,41,142,101,119,121,98,38,50,34,54,100,90,113,82,36,123,35,378,49,100,77,107,185,79,254,108,112,149,51,80,16,37,21,84,53,19,32,39,18,24,105,41,25,120,73,44,65,86,133,103,96,68,92,61,87,89,209,89,123,85,123,10,118,39,230,166,63,77,37,46,55,59,116,41,26,74,35,40,112,93,73,24,59,34,30,112,65,38,105,33,74,20,71,52,105,31,46,70,48,113,40,28,72,204,40,105,52,183,140,22,37,28,43,47,36,78,22,157,203,52,55,105,53,106,63,69,38,43,65,26,156,138,18,69,30,143,44,79,28,17,20,44,153,90,29,40,66,65,168,64,60,93,110,58,59,128,76,22,49,23,44,48,43,88,15,55,35,74,60,19,21,24,85,15,50,79,35,51,33,19,106,112,43,63,83,24,35,32,47,49,36,54,85,44,68,200,243,111,20,23,88,19,12,84,29,72,166,65,109,43,20,73,102,85,36,128,137,72,29,75,51,55,139,155,81,48,207,90,85,21,57,51,60,42,29,58,108,78,45,29,26,68,80,19,33,41,45,51,57,39,32,10,84,27,76,82,60,139,57,50,90,251,38,93,42,54,40,27,46,49,99,41,55,16,52,99,81,15,94,36,22,60,32,85,52,55,81,28,60,42,63,57,50,51,123,40,64,27,61,34,21,66,81,41,25,43,34,64,19,72,78,52,59,125,124,64,11,92,22,100,70,85,167,101,43,31,43,33,40,29,97,45,108,19,81,31,22,32,85,83,193,82,66,33,19,60,124,46,24,35,119,42,87,69,49,65,89,39,59,21,57,94,61,98,41,69,192,85,42,31,39,23,16,38,27,62,44,48,75,21,98,57,63,129,96,126,20,145,48,90,123,14,172,43,60,23,85,44,76,25,44,106,63,28,44,47,124,24,57,30,42,60,68,70,62,25,87,80,90,39,29,59,3437,1882,2553,1612,3384,7675,7903,10381,6859,12118,6055,5857,6741,9944,6160,3123,11237,5743,9098,5540,5690,10541,15140,5609,4999,5125,18106,3223,6791,12643,6980,7127,6425,10434,11075,6975,11191,7662,7242,10062,10635,5647,2881,9702,6092,8266,4896,4036,4818,7598,4508,8281,3553,7646,8809,5801,6064,3959,6341,2502,4951,9016,3054,3546,7488,9652,5151,6167,8393,9688,1716,1589,1750,915,1878,3754
L2_F5,98,48,43,118,97,115,156,61,156,69,111,104,159,35,70,218,156,158,31,62,92,37,61,66,102,94,244,61,15,37,119,31,72,60,70,87,74,197,218,52,44,105,63,189,68,112,111,116,118,111,54,42,29,40,111,103,129,108,29,120,36,355,61,101,67,97,157,84,267,136,90,142,35,85,16,31,19,78,65,23,36,41,32,26,94,39,18,132,79,33,60,87,117,113,82,65,79,57,129,87,202,97,116,47,127,20,120,41,216,129,66,55,47,52,35,70,114,38,25,62,37,63,118,111,69,18,91,48,55,93,57,28,123,22,92,22,92,49,111,37,53,68,29,113,49,33,76,183,40,126,64,212,145,30,48,34,43,45,26,84,25,150,213,29,63,99,41,72,68,85,46,55,46,29,117,114,33,68,28,146,41,73,31,26,20,37,125,94,33,28,59,100,162,92,59,72,108,40,74,160,84,20,37,23,59,58,36,75,28,33,39,69,75,29,23,22,112,18,46,92,28,61,19,26,96,101,39,47,78,22,53,26,69,40,33,58,62,42,70,210,252,142,25,25,109,17,16,83,26,71,134,70,100,54,31,50,89,63,33,145,108,37,30,64,41,63,118,114,72,45,200,88,87,14,51,44,84,27,29,51,95,79,50,45,39,74,87,16,22,35,44,43,57,41,28,16,77,17,131,85,61,147,64,45,103,237,50,125,44,76,45,19,42,55,83,46,59,12,77,110,95,16,98,36,18,56,38,94,55,58,99,24,58,41,82,48,52,53,129,30,62,21,63,33,31,63,79,52,26,39,38,59,14,74,75,51,73,139,142,55,20,109,9,93,68,75,166,134,48,37,26,21,47,33,88,58,99,20,86,30,19,48,81,79,200,69,66,50,26,45,107,41,23,52,109,36,100,56,48,94,108,25,61,17,77,58,77,117,54,57,158,64,42,34,30,30,6,38,27,73,38,46,56,20,64,57,50,132,90,127,15,154,31,98,107,25,152,28,75,25,110,32,65,21,33,85,49,29,42,33,108,20,59,12,48,58,58,70,63,15,84,67,76,53,23,48,6147,3768,4508,2873,6550,10272,7134,10369,6946,11873,6010,5698,6570,10091,6500,2915,11336,6061,9063,5427,6021,11184,15525,5406,5028,5242,17111,3279,6810,13390,7331,7319,6688,10994,10566,7187,10821,7960,6698,8330,10291,5623,2933,9474,5710,8257,5048,4132,4606,5474,4068,7840,3667,7300,8977,5854,6078,3932,6353,2329,4870,9363,2830,3729,7398,9981,5462,5627,8797,9966,4960,5501,5376,2641,4472,7963
L2_unknown,41,31,30,58,49,61,58,31,92,22,48,50,68,27,32,121,80,72,8,32,37,18,27,39,74,67,137,44,7,24,48,12,65,35,37,35,50,81,112,36,25,51,22,111,37,77,57,64,60,56,19,22,17,18,51,46,63,38,18,56,24,189,17,49,42,42,67,44,139,55,43,87,14,38,7,20,14,35,33,11,15,18,14,9,53,16,9,75,48,20,21,42,72,51,43,28,46,23,65,32,102,54,59,36,61,14,67,20,102,76,32,35,31,18,20,34,72,31,11,33,22,24,75,61,41,21,50,14,24,42,29,17,64,11,45,18,43,29,68,29,22,39,33,56,16,15,43,104,22,65,32,100,85,24,37,22,21,18,23,45,20,76,90,27,41,60,20,46,38,44,23,36,34,22,79,68,15,46,15,75,26,42,15,12,10,14,75,52,11,19,38,33,75,33,23,43,55,20,39,79,44,13,31,12,43,31,17,32,13,22,22,45,37,9,13,9,62,12,29,41,21,25,11,15,54,48,26,33,41,11,21,16,14,23,22,31,38,14,37,99,116,65,13,15,48,15,11,46,16,41,67,28,53,17,15,33,41,27,15,96,56,34,29,44,26,34,72,63,46,44,118,44,45,12,31,29,47,18,19,29,53,33,33,16,27,43,37,14,20,20,23,26,39,19,19,8,39,12,49,48,34,69,33,23,53,131,25,50,18,47,24,12,14,32,61,24,31,11,34,47,58,6,39,26,11,30,9,56,27,32,40,14,20,21,33,21,15,24,62,23,34,15,31,20,14,24,37,22,19,23,13,32,8,51,46,23,36,70,87,38,12,43,11,57,47,42,104,68,43,18,22,16,33,13,38,36,64,14,42,19,13,32,39,44,99,36,46,14,10,30,47,28,20,22,57,17,61,31,25,34,52,15,20,14,32,32,36,50,34,41,89,32,25,20,20,20,4,21,8,41,33,28,37,9,51,29,34,59,42,64,9,69,21,59,51,10,82,17,23,21,37,16,41,12,21,50,21,22,14,22,62,11,23,10,24,33,35,31,28,12,26,35,51,33,12,27,2635,1688,2120,1215,2842,5364,4141,5339,3584,6488,3367,3088,3623,5358,3192,1738,6473,2899,4732,2684,2600,5076,7240,3072,2441,2687,9442,1714,3465,6841,3784,3975,3437,5256,6254,3832,5784,4090,3767,5205,5535,3053,1546,5133,3297,4415,2608,2192,2433,3715,2321,4431,2024,4089,4658,3194,3151,2028,3235,1255,2597,4893,1536,1743,3737,4823,2601,3132,4182,4747,2414,2323,2495,1201,2295,3985
L3_F1,105,36,40,99,54,107,90,40,120,52,56,93,125,27,53,169,111,118,20,51,64,19,40,55,62,70,172,56,15,35,77,15,48,44,57,62,46,129,161,29,36,75,37,134,38,102,72,85,105,88,39,33,29,38,90,68,94,62,29,110,30,262,46,78,69,75,120,72,183,78,89,117,21,61,14,21,16,62,42,25,34,26,10,35,63,42,15,110,57,40,39,47,91,84,68,41,70,39,122,71,147,64,84,55,104,27,93,18,128,99,36,54,31,36,27,60,112,24,29,41,25,44,98,78,70,20,45,30,37,86,40,32,62,16,57,10,60,53,71,28,44,56,41,100,48,22,51,139,29,79,74,140,121,11,40,26,40,29,20,65,17,110,183,27,34,83,34,68,61,63,40,39,40,18,86,98,22,55,19,102,40,52,15,11,28,27,135,73,16,22,48,92,119,61,42,49,85,28,52,115,65,24,21,14,49,55,42,61,9,38,18,55,48,17,12,12,60,18,37,63,44,63,22,11,69,69,29,42,64,10,19,19,41,28,25,41,52,26,59,157,186,104,26,21,79,18,10,57,27,50,99,34,73,39,31,59,78,52,23,139,77,48,37,50,20,61,99,112,58,31,170,61,71,10,28,52,67,20,17,49,76,65,36,24,27,37,47,19,30,26,38,28,57,27,27,4,60,17,64,74,40,93,52,46,91,145,26,85,40,60,38,15,41,35,103,29,26,7,47,74,84,17,90,38,17,28,25,61,49,32,82,28,18,35,58,32,35,36,103,24,59,26,55,28,8,47,45,18,17,27,29,50,22,39,72,33,49,97,102,48,12,77,13,110,50,63,145,83,31,22,35,22,35,38,75,22,67,19,49,21,12,18,59,54,153,49,41,30,23,43,79,40,32,48,70,37,81,28,40,54,67,19,41,16,59,67,59,78,35,47,127,51,44,22,27,28,14,40,19,36,46,31,56,11,74,41,48,77,66,118,8,86,35,81,76,24,133,21,31,14,75,26,58,19,39,74,31,27,29,36,88,18,50,12,35,56,55,52,40,17,58,77,86,28,11,36,8301,7015,6361,4467,9644,10774,6045,7576,5098,9203,4441,4316,2004,3260,1778,1038,3278,2171,6845,3946,4236,7536,11214,4160,3898,3973,13519,2501,4792,9392,5211,5564,4838,8096,8209,5618,8384,5862,5487,7519,7832,4426,2184,6910,4519,6318,3718,2723,3899,5782,3394,6112,2810,5655,6686,4624,4525,2876,4878,1862,3799,7168,2072,2774,1444,2190,1531,1727,2118,5666,11583,13225,12843,6122,9294,14050
L3_F2,111,50,36,107,66,150,130,46,136,50,99,90,146,46,74,203,145,148,25,52,75,23,55,73,110,73,243,65,25,53,100,22,62,43,44,60,61,164,166,58,45,100,52,174,55,98,93,107,110,107,28,45,35,43,108,92,118,48,48,122,38,295,58,116,84,71,137,65,203,96,85,150,25,82,11,31,19,68,55,28,42,41,31,28,91,48,22,123,78,39,58,89,111,101,84,57,108,40,84,87,194,99,104,71,117,23,132,35,222,122,59,49,53,36,35,91,120,44,37,49,51,55,129,94,79,26,83,20,37,115,53,29,111,22,73,16,75,45,90,31,54,59,49,119,40,32,84,119,22,92,58,159,155,20,51,29,47,50,30,78,22,143,199,48,76,105,34,66,92,59,35,49,51,21,108,139,19,70,36,129,35,79,26,33,13,38,135,76,39,32,63,73,140,68,52,91,114,61,52,130,76,28,24,31,64,56,38,66,16,59,42,83,44,11,22,15,97,14,58,76,34,64,24,18,80,90,49,45,49,16,38,26,56,33,32,38,66,36,66,166,235,120,26,21,95,15,16,82,27,67,117,76,82,44,23,60,95,87,26,156,125,46,47,54,28,71,144,104,82,57,174,88,61,9,29,56,82,38,37,49,76,88,48,52,30,70,101,20,48,59,54,43,53,43,26,7,79,19,110,85,58,151,86,69,97,257,30,106,48,63,50,23,39,56,119,46,62,11,48,97,86,15,60,34,12,63,25,95,58,39,101,25,41,45,61,45,55,39,110,29,67,28,61,28,20,54,63,24,36,42,36,39,21,68,58,49,54,137,124,59,26,84,27,116,68,90,203,141,63,34,49,37,45,45,85,41,110,18,62,21,19,47,63,97,176,72,71,59,26,49,118,40,37,47,110,29,124,52,33,50,99,33,50,16,53,75,78,118,67,54,197,64,38,29,30,48,15,51,21,63,50,47,59,23,91,55,45,107,90,125,12,108,35,73,73,13,152,29,63,32,81,48,74,19,56,77,44,31,60,56,114,26,63,14,60,66,51,66,56,20,89,101,68,36,19,47,5172,3610,4171,2685,5656,9092,7333,9325,6668,10766,5524,5312,2998,4858,2666,1397,5021,3267,8414,5033,5490,10154,14011,5101,4705,4830,15842,3050,5995,11645,6734,6942,6022,10477,9792,6635,10210,7564,6816,8604,9729,5410,2801,9168,5579,7677,4866,3656,4765,6755,4086,7669,3327,6745,8177,5427,5580,3746,6012,2324,4605,8895,2819,3510,2346,3659,2545,2678,3537,7655,4030,4546,4251,2177,3844,6260
L3_F3,90,26,35,106,52,105,88,48,144,35,66,74,103,38,47,189,131,117,18,50,71,28,51,63,65,53,185,55,24,27,108,21,79,48,32,63,62,155,150,44,40,73,45,125,48,134,68,107,87,82,42,24,26,24,73,79,81,52,35,124,33,271,35,83,65,75,122,71,196,79,65,123,28,76,8,24,20,55,44,12,25,24,24,35,64,40,15,73,74,26,61,77,68,84,78,49,79,40,93,61,152,74,66,45,80,20,110,30,172,101,47,47,45,23,28,52,104,21,32,43,27,44,121,69,62,24,55,18,36,84,37,8,111,26,68,20,67,41,96,20,22,55,49,89,29,28,57,154,21,88,57,158,135,27,35,21,33,36,25,59,22,112,184,37,43,83,31,67,53,52,31,49,49,40,94,87,20,44,38,97,31,52,27,17,18,34,93,67,21,22,48,64,99,76,53,78,89,40,42,124,53,10,35,19,50,55,44,47,22,54,26,47,41,9,16,15,79,11,49,33,29,39,24,26,80,105,23,38,72,21,30,27,54,32,29,37,42,34,38,138,201,85,20,22,73,17,13,61,30,48,89,48,67,26,20,55,77,57,45,138,97,47,31,51,31,57,115,94,57,41,188,60,52,14,32,24,58,25,39,61,81,44,25,15,33,62,46,15,25,22,26,37,56,28,25,5,66,29,52,74,60,99,46,39,59,168,31,89,29,53,19,21,25,24,74,24,30,3,33,84,81,12,87,41,13,39,24,60,38,32,67,24,40,33,67,61,45,36,104,14,53,30,49,32,12,53,66,36,20,36,34,47,15,54,71,35,69,101,85,45,17,74,18,83,63,45,161,101,42,30,28,29,32,22,61,30,83,18,63,34,19,35,76,73,156,56,47,35,21,36,89,27,16,38,77,29,68,39,38,41,93,23,39,14,68,69,54,89,21,52,105,52,35,21,24,23,5,34,16,56,40,26,72,16,72,36,49,78,86,81,17,118,38,98,105,28,100,31,37,18,83,33,41,18,36,76,33,22,32,50,91,16,59,11,27,47,59,49,50,25,59,69,68,57,17,43,5547,4163,4197,3051,6634,8708,6136,7910,5360,9393,4519,4440,8288,11758,7987,3349,13151,6512,7060,3895,4531,8260,11618,4169,3939,3894,13879,2524,4762,9660,5735,5580,4924,8097,8285,5691,8335,6080,5660,7563,7720,4501,2307,7352,4386,6452,3600,2869,4038,5849,3513,6172,2916,5691,6748,4830,4538,3000,4892,1954,3687,6985,2135,2858,9836,12210,6005,6645,10495,9069,9336,11791,10914,5106,8418,12442
L3_F4,77,55,48,99,67,119,86,52,115,49,84,93,108,37,51,180,146,124,22,64,77,34,31,63,80,69,227,55,10,33,108,30,62,36,41,87,81,166,141,48,34,89,55,156,55,106,104,94,111,102,39,28,25,35,94,85,90,76,24,96,21,300,40,60,91,81,148,54,209,96,93,120,31,68,5,32,13,57,50,19,33,23,26,17,63,37,6,110,71,46,45,66,113,95,57,51,79,40,92,71,151,67,121,55,96,13,118,37,174,105,51,63,31,46,40,54,123,47,29,49,23,47,80,60,73,27,55,31,38,70,46,13,102,31,71,27,76,47,118,41,31,63,33,90,32,30,64,133,36,98,66,155,140,11,50,19,45,44,12,79,27,145,187,28,47,97,43,57,68,51,33,39,47,28,122,119,34,53,38,93,35,66,35,16,12,34,114,67,15,18,43,74,129,59,74,77,103,33,56,116,58,7,29,15,64,56,55,56,12,48,24,68,59,22,19,15,104,19,40,61,50,46,26,19,94,87,43,49,71,26,36,28,48,52,31,39,80,34,63,168,212,92,22,22,78,22,15,70,24,48,113,43,88,39,29,71,92,63,25,161,100,69,31,70,50,47,114,98,62,48,209,92,56,27,41,49,60,23,33,46,87,84,40,26,22,44,68,34,33,20,48,37,60,38,40,11,63,21,91,60,52,134,68,38,75,173,27,80,23,64,34,10,24,40,83,18,39,9,49,89,91,16,77,24,16,44,24,94,51,30,84,22,51,37,58,38,31,41,99,28,57,27,69,26,36,58,103,25,28,41,24,65,21,74,72,45,56,114,145,71,18,83,12,94,85,71,144,102,43,31,35,22,53,28,71,41,92,15,79,32,10,48,79,53,147,76,57,40,19,33,80,34,34,51,110,38,112,66,43,44,78,21,41,26,49,59,46,88,30,51,148,61,39,37,37,21,13,31,16,62,41,35,58,16,85,57,44,98,78,127,22,135,53,62,123,20,161,29,36,26,71,20,43,23,26,87,42,21,32,42,129,18,49,21,45,57,59,35,36,35,51,75,71,42,19,53,2488,1395,1786,1221,2309,5491,6834,8843,5801,9938,4908,4795,10139,14416,9601,4237,16386,7857,7947,4553,5141,9357,13146,4764,4389,4396,15150,2624,5428,10608,6083,6132,5401,9253,9138,6166,9563,6707,6360,8232,9129,5030,2494,8223,5043,7039,3976,3327,4446,6454,3892,6644,3115,6205,7307,5319,5123,3348,5438,2051,4161,7728,2333,3046,13115,15806,7474,8401,12954,10379,1012,876,948,502,1232,2282
L3_F5,212,133,97,223,175,269,281,116,294,100,237,168,291,106,100,400,269,342,107,208,154,57,118,168,266,223,588,129,89,121,234,58,136,161,140,191,114,316,351,181,78,213,146,271,158,280,187,220,190,264,121,82,64,144,337,172,314,156,164,230,95,683,150,190,162,169,378,165,480,345,199,268,65,200,26,95,69,156,123,39,76,133,44,76,201,119,44,268,145,76,127,212,220,224,154,305,144,121,230,151,395,165,229,135,330,43,274,60,441,274,138,144,223,143,131,309,333,119,58,142,70,110,256,199,145,93,234,99,140,224,152,135,275,131,227,81,204,142,213,145,81,207,93,269,110,133,182,403,67,177,290,437,321,82,154,81,57,231,150,193,43,431,404,210,150,226,82,163,149,170,108,80,111,94,306,355,118,145,106,257,81,152,96,67,71,78,247,411,79,163,191,185,293,151,170,180,237,124,135,338,151,121,162,83,162,105,164,137,66,116,96,128,113,40,87,27,203,165,145,198,109,163,93,79,203,291,130,129,203,54,155,69,136,134,102,240,116,77,289,442,590,205,61,55,238,98,101,313,63,146,325,152,205,146,119,123,218,433,160,432,312,176,74,160,195,156,377,341,147,123,488,185,154,25,153,141,132,135,69,97,273,193,113,69,109,149,165,42,191,126,112,151,172,153,100,36,272,137,199,192,154,351,145,107,179,550,126,232,93,256,108,95,189,227,284,126,103,12,164,245,192,62,128,78,111,179,102,186,117,68,223,75,85,109,143,147,90,115,291,101,132,72,135,43,71,147,194,83,120,189,77,181,48,185,175,130,137,251,292,156,46,213,108,261,164,165,446,266,110,96,153,50,132,104,216,102,194,95,130,85,94,77,151,195,338,137,148,94,57,94,211,83,133,100,277,109,291,175,89,156,204,129,155,91,141,283,151,224,133,173,296,161,147,152,78,62,44,102,98,160,169,144,130,68,189,116,106,393,206,278,54,301,79,217,273,61,312,163,203,147,230,89,146,88,102,252,91,124,100,85,260,77,141,34,196,150,211,152,132,119,221,193,205,123,112,123,15382,13779,14995,9292,16395,30283,23419,22647,16689,26473,13834,17416,18080,23514,11159,7607,31050,12630,23514,12441,11925,22815,31872,15063,11055,12995,35940,14474,14509,26593,23849,21102,21541,29977,24596,16197,22250,16909,16901,20367,23071,17759,10472,24467,24367,17377,26840,11818,9783,18761,10636,33250,9394,20601,21633,13752,13901,12494,12278,9268,15666,18984,13664,7750,14758,20636,11666,21838,18601,21370,24302,12573,17483,9221,15466,35322
L3_unknown,46,34,28,54,40,55,56,18,81,21,36,41,67,22,37,97,59,76,12,35,48,18,24,35,50,58,122,32,18,13,57,12,50,37,32,41,24,89,86,39,18,37,41,88,31,79,46,58,55,55,22,11,20,23,54,48,70,37,31,48,18,179,39,54,33,65,80,48,105,80,37,75,16,34,6,18,16,38,29,10,17,23,7,10,48,27,11,54,46,32,21,38,57,48,42,61,50,25,65,40,81,37,49,34,60,12,53,20,85,85,30,31,29,28,34,55,74,25,18,43,23,27,55,38,32,10,35,17,27,51,26,24,47,17,39,17,38,21,53,22,18,36,22,53,26,15,43,100,16,47,30,100,90,14,28,15,20,45,23,52,7,90,97,27,28,47,32,38,47,38,30,40,23,12,73,61,17,32,22,66,14,21,17,18,14,27,59,67,18,43,34,39,69,46,39,36,41,31,44,87,35,18,19,14,29,31,32,39,9,19,18,41,22,13,18,8,52,16,22,37,10,28,18,12,57,67,27,25,39,12,30,11,24,26,15,41,41,20,48,99,129,48,8,8,48,18,22,62,16,29,82,29,56,31,21,34,65,50,28,84,74,26,16,42,29,39,69,71,23,20,135,40,44,11,32,29,46,33,13,26,63,36,25,19,23,29,31,12,30,27,22,24,34,22,26,8,38,10,41,47,31,55,29,18,42,130,25,50,20,58,21,11,38,41,51,17,24,3,35,60,42,10,53,15,16,40,15,42,32,22,54,17,12,36,34,21,17,33,55,20,39,13,29,18,16,37,28,23,24,34,21,40,11,43,40,17,27,58,75,22,16,36,9,62,40,36,80,52,19,17,28,12,23,27,51,18,52,17,35,27,26,22,37,51,95,32,39,15,14,17,56,30,19,20,60,16,75,40,26,46,54,21,34,17,29,51,29,48,25,41,94,40,35,26,18,12,9,14,24,41,38,27,40,15,30,34,21,61,44,70,10,80,18,53,67,15,81,27,36,25,48,16,30,17,23,59,25,20,23,31,63,7,31,9,36,26,38,39,28,20,53,49,51,20,22,32,3365,2499,2761,1538,3491,5901,4564,4958,3502,6021,3302,3239,3895,5362,3009,1938,6892,2915,4738,2582,2341,4838,6556,3150,2346,2702,8521,2337,3198,6127,4513,4013,3866,5474,5949,3813,5307,3806,3699,4919,5180,3363,1806,5155,4030,4222,3915,2352,2286,3865,2323,5772,2033,3938,4655,3098,3168,2385,2915,1591,2965,4624,2094,1786,3776,4730,2607,3815,4271,4625,4512,3114,3866,1891,3591,6342
L4_F1,93,30,50,138,63,131,121,63,153,45,64,108,133,36,61,200,147,153,15,60,92,49,62,54,86,67,212,69,17,29,94,22,68,57,54,92,91,165,167,43,48,90,43,173,51,129,95,119,109,85,43,28,24,54,90,96,109,79,25,122,22,365,39,106,84,114,191,86,261,157,124,167,27,84,12,35,11,68,59,20,39,40,11,27,80,68,17,99,72,62,74,86,103,91,76,38,76,52,131,82,165,86,102,65,116,15,105,45,222,140,65,66,42,43,40,83,127,46,22,57,44,58,133,87,85,22,76,24,33,75,53,19,122,30,61,32,66,49,118,29,32,88,50,124,41,41,70,195,42,93,46,230,140,25,53,23,33,41,34,73,37,142,207,33,57,89,23,90,54,49,28,42,53,35,118,113,30,71,24,119,49,71,24,36,16,33,102,106,22,25,47,90,139,81,64,64,100,36,85,142,66,23,32,19,57,60,60,58,17,43,25,59,58,19,16,20,105,33,53,93,37,68,21,24,109,111,40,49,80,31,23,27,37,29,42,37,60,39,54,188,292,105,19,41,89,23,13,54,27,53,138,58,110,40,27,63,102,62,25,183,114,62,53,82,46,85,122,122,92,53,216,88,87,16,64,53,74,43,44,79,96,75,44,20,45,44,69,17,30,37,31,35,87,41,21,9,90,24,76,58,61,108,62,62,68,268,33,70,35,76,62,16,26,33,91,24,44,7,28,97,96,19,97,36,21,41,33,85,48,32,120,17,41,41,78,36,41,40,110,30,61,26,55,21,9,63,94,39,40,40,37,84,27,81,83,57,59,145,121,70,20,83,14,98,80,102,172,153,54,39,28,22,39,39,105,56,86,28,75,28,18,48,74,73,205,74,71,32,20,46,89,33,28,44,100,33,101,38,35,82,113,21,54,21,67,80,76,80,46,49,149,48,38,28,20,23,14,47,8,56,48,48,83,25,73,27,48,120,105,123,15,141,41,101,117,22,145,40,27,24,111,36,77,24,35,94,49,32,43,33,122,15,47,16,46,58,65,59,47,29,91,70,87,56,22,53,3564,2004,2729,1799,3898,8768,7858,10144,6705,12122,5530,5515,11503,16881,10852,5071,19943,9351,8912,5055,5450,10064,15091,5311,4739,5033,18406,3149,6584,12559,7057,7354,6481,10526,10533,7162,10792,7646,7323,9745,9394,5829,2882,9228,5534,7671,4373,3545,5214,6746,4351,7485,3447,7336,7900,5985,5716,3446,6093,2223,4531,8075,2697,3544,15123,19093,9193,10672,16663,13924,4215,5204,5049,2370,4269,7200
L4_F2,66,38,50,124,63,138,116,64,187,55,65,105,131,42,54,198,147,138,31,58,78,36,58,70,76,74,228,46,22,27,114,15,85,49,44,100,69,191,178,43,41,102,41,174,40,114,80,86,117,106,38,41,25,64,112,104,105,66,36,110,34,334,48,88,92,87,154,89,264,124,88,113,43,82,9,28,9,54,81,21,27,28,23,26,61,43,16,126,82,53,54,74,100,98,84,57,93,60,127,95,187,90,136,51,119,24,118,14,230,131,45,68,35,53,29,72,143,32,17,45,29,66,134,88,77,32,68,30,37,105,44,33,119,26,82,33,74,51,111,51,37,72,48,117,31,20,68,162,20,101,58,195,162,28,60,27,37,52,23,70,31,125,174,37,57,90,39,76,84,56,36,31,43,27,118,101,29,60,27,111,31,80,38,37,16,29,93,74,29,20,50,93,127,72,62,60,93,44,64,176,66,10,41,19,70,60,37,59,27,39,27,73,52,19,26,15,102,26,64,73,37,70,37,19,116,85,49,50,75,21,25,30,38,53,50,44,86,27,62,196,230,111,41,23,112,15,13,46,31,73,134,56,98,45,26,66,100,53,36,146,125,62,27,83,39,73,121,98,90,55,228,87,83,16,52,71,50,29,32,49,81,58,49,23,26,57,60,15,30,24,39,41,73,50,35,3,72,17,88,42,48,152,72,37,81,214,33,90,48,79,41,21,46,30,99,31,41,10,57,88,112,23,97,28,25,43,35,88,32,50,98,16,43,45,78,72,42,34,87,22,54,11,67,14,16,52,78,21,33,31,44,61,26,70,76,63,56,150,136,75,23,114,18,82,71,76,138,98,42,42,29,16,35,25,75,44,73,14,83,30,15,40,87,71,195,62,50,23,32,38,97,48,37,41,133,42,83,37,36,62,70,32,42,17,50,81,60,106,61,57,141,75,30,30,35,26,8,30,16,73,62,35,52,18,87,52,43,119,73,136,18,143,45,123,140,20,142,40,53,24,83,30,56,37,38,82,36,22,46,51,132,18,72,17,48,60,77,61,43,27,95,72,63,51,21,48,3930,2470,3210,2024,4652,9198,7793,9907,6456,11392,5235,5263,8482,13324,7936,3842,15079,7604,8598,4930,6114,10535,14420,5199,4659,4831,17003,2997,6478,12615,6634,6793,5911,10723,10091,6400,10121,7716,7303,9332,9799,5658,2689,10082,5559,7520,4390,3314,5055,6955,4275,7592,3271,7061,7583,5589,5505,3611,6346,2276,4429,7868,2564,3606,10013,12899,6913,7563,11252,12757,3931,4667,4446,1974,3712,6383
L4_F3,60,28,22,70,45,82,91,30,96,33,44,58,93,14,27,113,74,90,10,45,53,21,33,33,63,37,142,30,7,24,72,11,49,32,28,53,45,108,111,26,19,45,31,109,36,79,57,63,70,53,30,26,17,27,64,47,66,62,27,56,15,216,33,50,54,56,101,47,135,56,68,101,16,48,10,25,8,28,41,9,25,28,10,21,46,40,8,70,40,20,36,50,74,56,50,38,64,21,63,49,135,52,74,43,71,10,82,12,100,59,27,42,32,37,22,48,62,23,20,30,26,27,79,51,38,12,39,18,23,63,31,8,67,18,40,11,28,30,61,22,14,21,38,79,29,16,34,93,17,54,30,100,88,20,32,12,26,28,11,45,20,81,108,15,31,54,15,48,37,37,23,25,30,23,72,56,9,29,18,69,22,48,15,21,8,17,69,64,9,13,32,34,96,40,28,44,55,26,43,70,30,9,20,9,37,37,29,46,8,28,15,35,34,12,8,8,59,16,30,39,14,38,17,11,60,70,26,30,35,11,22,12,29,34,24,33,35,27,32,121,146,72,10,14,49,12,5,38,14,23,87,40,42,24,19,34,59,33,21,94,68,35,18,34,33,33,80,73,55,45,131,59,52,16,21,32,63,22,17,32,50,34,20,12,19,33,25,6,13,17,17,11,58,33,20,3,42,12,44,28,24,69,29,29,51,136,26,55,27,55,25,14,21,18,64,16,22,11,26,52,50,9,44,17,8,32,18,68,20,29,53,14,20,22,32,27,13,39,49,18,30,17,41,12,25,28,46,29,27,32,17,34,11,38,50,30,49,71,78,37,10,58,12,63,46,47,116,68,23,14,11,14,28,21,45,22,49,18,56,16,10,31,44,38,119,37,32,19,16,28,67,23,24,26,62,15,39,25,37,33,37,8,27,4,38,52,38,68,34,34,116,36,29,18,29,10,4,27,9,33,24,22,25,8,45,20,40,57,61,58,14,61,20,54,65,18,76,17,33,19,54,16,56,6,23,54,26,12,14,20,92,10,30,5,26,21,41,37,39,17,44,38,47,43,13,22,2391,1532,1881,1253,2739,5351,4423,5865,3948,6769,3341,3097,1364,2020,1083,653,2242,1490,5029,3065,3360,5975,8618,3149,2800,2824,10031,1776,3785,7027,3885,3941,3583,5893,6018,4019,5990,4286,4179,5474,5639,3256,1624,5364,3252,4551,2452,2000,2932,4078,2535,4370,2091,4260,4575,3336,3384,2070,3689,1361,2700,4801,1573,1984,975,1302,943,1044,1298,3606,2269,3014,2754,1326,2341,3885
L4_F4,61,39,49,94,50,66,77,38,122,36,76,77,112,32,42,133,91,116,17,61,54,25,41,43,90,62,169,55,12,27,100,16,55,44,33,40,47,108,154,41,29,77,42,125,40,73,59,103,73,61,22,35,11,21,70,58,76,51,20,72,18,235,40,61,54,74,141,72,180,97,73,85,31,56,14,32,16,51,53,8,26,18,18,15,63,30,16,100,61,36,48,50,80,81,81,45,84,33,86,54,156,77,82,50,90,15,76,13,144,103,58,50,39,30,33,52,131,18,14,52,24,33,81,68,50,20,38,15,24,76,34,18,85,40,56,7,41,50,83,24,32,51,29,76,33,25,47,120,19,76,48,154,112,23,38,28,34,36,25,56,17,87,165,27,36,87,35,70,46,38,14,43,49,33,83,96,24,63,25,80,22,59,24,20,20,21,89,72,20,19,30,54,100,66,45,67,71,33,36,104,56,17,17,22,42,39,49,42,8,43,12,38,33,6,12,16,76,19,30,53,42,42,29,18,70,88,27,55,73,19,19,19,35,39,28,37,40,26,54,132,168,84,22,18,78,16,11,42,11,40,112,58,70,33,22,59,78,49,18,111,85,38,29,39,18,40,65,94,31,29,189,59,57,15,42,37,58,14,26,46,88,67,34,13,24,56,48,14,30,17,28,17,52,33,23,0,59,15,57,57,28,154,34,28,64,154,25,71,31,57,41,11,30,40,70,20,48,5,30,70,51,7,62,24,15,37,20,72,52,24,65,15,24,26,68,49,32,35,92,13,47,17,48,15,8,46,36,21,28,17,18,21,13,54,65,35,30,86,75,31,27,80,16,57,61,56,140,89,21,30,24,14,28,23,63,47,93,13,67,12,11,25,70,73,150,42,38,26,25,36,55,33,24,35,92,39,94,28,33,47,61,14,32,17,58,68,71,86,35,40,130,44,30,21,14,10,6,38,18,31,37,31,49,19,49,34,43,77,67,77,8,72,18,57,52,20,138,12,41,22,52,34,45,19,30,79,25,34,32,28,85,10,46,11,38,38,62,46,36,34,64,42,49,46,9,45,3567,2458,2872,1872,4284,7779,5766,7617,5046,8574,4100,3936,1355,2031,1182,584,2018,1603,6326,3712,4291,7720,11006,3927,3639,3862,13016,2248,4725,8889,5032,5275,4571,8063,7832,5145,7966,5739,5503,7187,7494,4185,2023,7182,4151,5832,3219,2643,3906,5462,3292,5647,2574,5256,5809,4304,4293,2585,4796,1702,3402,6185,1966,2671,837,1197,863,844,1160,3802,3240,3943,3924,1896,3247,5259
L4_F5,209,158,94,242,189,282,298,149,283,99,225,214,328,118,122,480,313,364,108,208,166,81,108,190,256,216,609,147,120,103,253,49,175,139,104,188,149,371,426,182,76,195,160,297,152,266,239,199,210,261,123,75,58,126,298,218,328,143,149,203,133,687,141,214,174,197,350,190,474,304,185,265,65,170,39,94,69,167,150,39,111,119,42,86,218,100,48,260,162,94,130,184,211,193,166,274,186,120,212,204,402,175,210,159,345,50,303,73,362,296,141,149,175,196,91,303,312,124,54,136,58,104,303,176,162,85,208,76,149,212,163,110,254,108,251,71,189,158,243,137,109,211,93,247,90,118,198,361,69,219,214,429,314,76,160,81,79,178,130,226,48,449,395,185,152,234,99,174,163,159,101,126,126,89,325,255,108,127,123,322,76,135,100,58,56,97,268,356,92,161,154,175,316,184,191,191,249,109,161,351,168,83,128,71,204,108,117,151,82,133,88,123,95,59,83,43,217,92,142,189,91,144,71,65,192,305,100,123,188,55,163,56,116,146,91,222,136,92,242,370,527,207,68,81,244,107,97,263,61,135,283,167,215,115,101,113,234,354,117,400,255,143,83,147,210,148,351,278,136,134,454,187,184,36,146,144,150,129,72,123,261,187,131,85,93,163,163,41,170,135,108,129,152,136,119,38,256,102,165,200,127,270,128,118,191,519,112,255,92,271,107,88,179,234,296,128,97,24,173,268,197,51,172,86,116,197,83,179,108,90,201,72,71,131,159,137,99,130,277,91,105,63,117,57,68,136,186,82,112,143,60,126,46,191,172,101,144,270,277,146,43,194,84,250,169,177,440,272,102,95,168,57,138,63,214,105,194,60,151,85,93,101,145,161,371,172,154,79,59,111,209,87,134,112,250,84,262,184,94,184,212,127,157,93,143,271,125,257,157,177,301,120,145,89,74,77,58,110,110,182,174,149,120,87,199,129,124,357,230,280,50,296,82,220,236,52,275,160,209,107,208,94,126,60,106,280,93,135,87,87,293,53,176,32,197,160,182,176,114,116,209,200,209,110,105,134,15022,13955,15032,9357,16005,28427,21979,21318,16551,25067,14252,16181,16756,21883,12271,7115,29097,12287,21500,11629,11854,23164,30979,14099,11473,12693,34743,13344,13391,24785,21516,19314,19442,27791,24186,17346,21701,16828,16053,20318,21690,16460,9512,23173,23084,18000,23241,10781,10737,17758,10835,31466,9830,19303,21403,15062,13940,11336,12853,8865,15473,20317,12235,7928,16326,20838,11899,19914,19533,22106,21462,12101,16110,8278,14331,31545
L4_unknown,50,22,29,48,31,61,52,33,68,22,39,43,67,24,32,114,72,72,13,44,38,16,30,36,58,47,136,29,14,15,48,10,43,29,21,47,43,65,102,20,21,45,31,90,35,60,55,57,53,59,21,22,21,27,64,45,57,31,26,40,24,167,26,48,47,41,75,40,104,70,53,74,17,36,7,28,11,30,31,10,22,18,8,10,52,32,8,71,35,22,29,34,60,45,45,36,55,30,46,43,62,34,49,29,60,8,60,12,86,64,21,37,30,20,17,37,62,18,11,32,13,34,53,49,26,10,31,10,35,45,22,10,51,20,35,13,54,31,44,26,14,37,19,60,20,15,24,97,20,34,37,102,85,17,33,11,22,32,16,39,13,78,91,21,27,44,27,32,38,37,27,36,20,22,64,52,19,31,22,57,17,34,15,14,11,25,48,56,21,21,22,43,71,29,26,31,47,19,27,80,42,16,23,9,42,31,25,40,10,31,13,22,28,11,14,8,49,14,34,28,16,34,17,12,35,67,17,25,42,7,28,10,31,23,15,25,38,17,49,81,116,54,20,12,53,14,13,47,5,21,69,39,38,24,22,15,47,44,21,73,63,23,13,41,39,36,69,69,31,34,101,56,40,5,27,41,51,23,19,27,44,27,31,22,22,36,39,8,23,19,24,26,26,20,21,7,46,20,27,38,26,68,33,26,41,105,20,57,20,59,23,15,17,37,52,22,28,6,25,52,37,9,51,15,17,36,23,39,26,19,55,14,18,24,36,22,24,22,62,14,28,9,21,9,14,29,41,18,21,27,16,36,14,35,31,26,25,54,60,27,9,41,10,43,40,34,92,56,19,18,23,24,26,15,46,27,49,15,47,17,16,25,41,40,88,34,33,21,15,19,35,23,18,27,51,14,53,29,21,26,56,20,23,17,27,68,34,54,35,48,71,34,17,13,20,12,9,23,13,47,26,30,40,15,51,30,28,74,49,73,6,67,15,36,64,12,77,28,37,24,45,14,33,11,18,42,33,20,22,15,47,14,33,7,33,41,47,30,16,24,39,41,37,31,4,33,2618,1946,2235,1247,2808,5465,4260,4675,3308,5813,3315,3086,3551,4681,2621,1735,6168,2671,4340,2379,2145,4590,6155,2969,2268,2649,8390,2049,2979,5775,3982,3875,3578,5169,5751,3805,5044,3732,3515,4694,4858,3039,1705,4866,3602,4073,3444,2089,2266,3410,2276,5282,1992,3743,4461,3137,3077,2089,2875,1490,2717,4346,1881,1698,3500,4458,2457,3424,4103,4414,3179,2217,2676,1314,2659,5002
L5_F1,96,37,38,112,86,127,135,66,146,52,98,114,136,43,61,221,157,169,24,72,98,26,63,69,106,108,244,66,30,44,127,22,68,54,71,81,70,174,208,47,60,91,66,201,61,121,82,99,102,115,35,25,39,51,108,81,135,89,39,111,36,384,64,110,84,97,179,94,270,116,125,135,37,87,14,25,20,96,70,17,30,20,14,29,98,41,10,131,87,37,77,88,108,116,96,53,106,62,123,77,197,106,110,54,118,22,108,43,186,162,69,56,47,44,36,91,123,44,35,67,37,58,133,96,64,27,59,30,36,107,49,20,140,35,76,19,71,49,114,33,44,60,51,116,49,26,75,203,26,105,52,225,151,21,63,33,41,54,29,68,30,127,218,44,58,111,33,74,63,72,47,38,54,45,128,127,22,66,33,118,50,89,30,29,20,43,99,101,25,27,59,73,147,90,73,62,116,59,60,153,65,22,27,24,62,71,47,62,26,52,26,59,77,12,21,31,114,24,70,74,32,53,28,35,129,112,52,62,95,16,32,25,45,35,27,42,66,42,70,147,217,143,22,22,92,24,16,58,24,80,162,56,68,42,27,61,98,86,17,201,135,59,44,68,45,64,117,93,77,44,230,93,63,22,49,67,76,41,43,51,86,77,61,27,23,52,66,19,29,29,44,40,73,48,22,5,76,27,90,59,69,128,45,60,91,251,30,99,31,72,43,13,35,49,111,32,59,11,46,88,85,23,89,36,18,65,25,101,50,40,110,31,48,34,94,37,36,52,121,34,63,29,63,45,22,62,112,43,28,43,26,76,23,73,89,48,68,143,101,45,22,105,19,99,86,81,186,121,38,36,30,32,63,45,102,77,91,16,78,38,29,30,106,77,202,72,53,36,18,54,100,52,34,65,112,46,97,45,42,49,96,34,55,28,58,87,80,108,52,72,160,84,40,35,35,23,8,47,25,64,54,26,53,19,81,46,50,130,105,117,27,159,47,106,112,26,177,45,64,29,105,44,78,27,26,86,46,29,36,29,108,21,55,27,50,74,60,76,55,29,84,86,94,29,20,72,8774,6338,6446,4596,10375,13689,8066,10464,6913,12537,5899,5666,6909,10456,6590,3424,11837,5928,9512,5000,5504,10158,15252,5653,5217,5406,19169,3147,6878,13076,7289,7518,6762,10833,11545,7597,11218,8003,7615,10190,9884,5836,2926,9065,5580,8248,4491,3939,5093,7046,4596,7762,3584,7558,8709,6393,6025,3770,6299,2534,4675,8896,2634,3788,7862,10122,5325,6059,8813,10438,13922,16944,16739,7830,12905,21456
L5_F2,72,35,36,81,55,98,86,42,91,45,42,77,100,32,55,153,96,122,14,48,61,23,45,51,53,47,185,35,15,23,72,17,71,35,49,67,45,128,121,42,41,59,28,129,35,67,45,90,76,87,29,21,17,39,78,83,91,69,26,92,23,256,37,78,49,65,110,51,172,74,55,96,25,45,15,22,13,46,43,11,17,23,20,19,64,36,13,93,61,43,50,76,74,72,66,28,75,39,85,50,135,69,72,39,84,16,102,25,131,92,42,41,23,30,18,50,89,35,19,44,19,37,111,64,54,20,53,31,26,69,41,15,109,20,56,21,46,31,68,27,17,54,33,85,24,22,61,145,33,71,36,148,125,22,35,20,37,23,16,64,16,111,136,24,43,83,26,60,37,43,29,31,46,24,86,97,15,52,28,68,26,49,18,15,10,28,87,67,17,31,48,60,116,63,58,66,71,24,45,103,38,9,23,19,33,35,40,54,11,38,20,53,46,14,16,12,89,12,36,74,29,41,11,13,79,71,30,42,58,15,32,20,26,24,33,35,53,20,35,138,184,105,14,14,54,15,15,42,17,34,97,40,49,42,25,41,64,44,15,112,82,42,24,56,34,48,115,82,55,37,144,76,51,8,44,36,44,29,24,44,72,62,25,15,10,53,33,15,23,28,30,33,60,45,23,7,42,20,69,52,32,83,30,34,71,156,37,76,32,59,32,13,23,44,57,31,41,7,42,49,92,11,55,27,18,44,20,53,32,35,66,8,31,34,58,34,23,34,84,22,31,21,45,24,13,54,65,28,22,41,21,43,25,66,58,51,26,115,96,26,13,73,12,70,62,62,108,67,21,30,39,22,23,22,33,30,69,19,59,20,15,33,69,65,132,49,51,18,14,37,58,27,27,47,62,25,76,16,34,47,54,21,44,20,40,55,41,71,21,56,105,50,18,21,35,22,7,23,22,54,37,34,43,19,56,37,40,114,68,78,20,83,30,56,47,13,86,17,42,17,73,17,57,16,39,64,25,25,25,26,81,18,29,12,26,56,45,45,32,20,52,65,65,37,23,27,2431,1453,2150,1260,2857,7639,5465,7149,4765,8395,3842,3679,4160,6679,4073,1987,7495,3799,6344,3535,4044,7520,10791,3856,3411,3524,12598,2226,4551,9240,5074,5177,4464,7817,7515,4944,7515,5447,5163,6515,6697,4076,2024,7049,3893,5598,3319,2647,3785,5056,3180,5386,2421,5107,5802,4130,3937,2628,4357,1689,3175,5987,1955,2634,5093,6673,3712,3905,5818,7014,1829,2149,2052,1007,2009,3520
L5_F3,109,34,68,142,78,133,119,61,183,67,111,124,158,32,60,235,172,151,30,63,90,33,68,74,94,87,244,62,25,36,121,41,101,50,59,69,78,168,178,42,42,92,53,190,64,119,93,93,131,101,33,37,51,61,97,89,106,79,33,115,25,375,42,104,75,111,178,90,248,112,106,154,46,76,26,34,15,86,55,19,20,38,24,29,93,40,20,148,97,45,79,107,104,136,103,55,81,73,155,96,185,95,130,77,108,23,129,38,226,143,63,56,47,45,32,74,162,57,24,72,42,55,149,94,69,29,84,35,36,94,48,28,127,25,73,23,74,74,136,37,46,78,53,94,44,33,59,208,30,88,71,216,148,23,38,30,45,66,40,78,22,152,218,52,62,120,43,92,85,65,52,44,53,36,145,115,31,86,37,130,46,66,37,24,13,33,119,96,27,22,55,89,146,82,70,81,111,38,82,143,71,17,37,27,78,66,58,59,26,51,30,46,52,20,14,21,106,24,53,69,38,66,34,35,103,98,46,61,86,23,30,33,79,54,34,44,67,33,75,193,302,139,23,39,81,16,22,61,22,55,130,47,96,68,31,52,108,73,32,194,126,75,32,79,48,87,132,120,73,60,228,85,85,18,63,57,79,35,36,65,106,85,66,37,27,63,62,21,29,32,30,51,64,49,27,12,83,27,91,80,60,135,81,51,97,276,45,85,34,77,46,18,24,52,95,36,64,15,59,112,74,22,79,44,39,56,23,103,59,69,109,21,40,42,87,44,39,44,117,31,84,24,62,32,18,75,59,49,37,47,45,44,31,80,78,42,68,139,112,57,21,94,23,90,63,79,182,126,32,46,31,24,40,36,103,52,105,21,80,40,16,43,89,86,207,70,67,44,29,50,116,40,38,35,107,48,99,55,57,68,119,24,65,34,46,86,87,97,50,78,165,78,46,37,34,41,12,40,10,65,55,50,56,14,93,47,46,130,101,113,31,142,27,110,106,27,143,43,44,34,99,38,84,22,58,77,43,33,41,35,147,18,57,18,46,74,79,81,56,38,85,78,78,55,15,45,2291,1082,1939,1192,2427,7593,8122,10787,7128,12619,6268,5960,6605,9471,6042,3106,11660,5467,9594,5447,6073,10858,15741,5841,5352,5362,18965,3253,6823,13202,7338,7742,6531,11128,11796,7989,11384,8059,7684,10479,10429,6063,2975,9700,5770,8709,4816,3852,5484,7479,4757,8127,3964,7520,8836,6584,6112,3789,6527,2587,4844,9131,2843,3922,8009,10164,5543,6233,8810,10394,945,938,1032,485,1134,2109
L5_F4,27,9,17,34,20,33,44,16,46,18,17,27,49,13,19,46,34,50,7,20,16,7,24,23,28,32,59,19,5,17,25,6,22,13,19,19,23,47,61,10,9,15,10,65,15,37,27,20,41,42,15,8,7,18,39,19,30,22,9,36,4,110,9,31,26,28,36,26,72,38,33,31,8,27,2,12,5,23,11,7,9,12,3,8,37,15,5,44,20,8,17,28,24,32,32,16,24,12,38,24,61,15,37,12,37,10,35,6,45,50,18,17,13,12,12,26,34,4,8,21,7,15,21,24,17,7,21,9,13,25,11,7,45,5,18,10,18,21,48,14,14,22,9,42,4,8,11,27,10,19,23,35,42,3,22,9,11,21,14,25,5,42,45,13,18,23,20,19,13,15,11,14,10,14,40,43,12,26,13,45,11,32,14,8,3,4,35,19,4,10,11,17,49,24,18,20,22,10,24,49,10,14,12,8,20,18,15,16,6,14,15,15,26,6,4,3,25,4,16,31,8,24,4,5,29,31,19,20,16,2,9,11,22,7,8,18,18,21,21,48,64,32,4,11,30,5,5,12,6,21,32,14,29,7,4,11,36,9,5,34,44,24,11,13,12,28,23,34,22,14,78,21,28,2,24,8,16,9,10,23,20,17,22,7,10,14,18,6,2,11,7,9,18,14,6,0,17,2,10,30,19,45,17,16,22,59,9,30,10,30,12,5,12,10,25,9,8,4,20,22,34,2,29,8,11,15,8,25,14,13,23,10,18,10,25,14,15,11,22,4,12,8,19,5,2,25,29,13,7,12,7,21,5,24,30,13,14,40,37,27,6,31,5,31,20,33,62,30,12,13,10,5,11,9,24,20,26,8,31,7,5,9,16,33,66,18,22,17,6,15,22,7,4,8,39,15,44,9,10,32,24,12,8,6,8,15,15,34,11,15,35,16,11,7,11,14,1,12,4,20,15,13,21,4,27,11,14,28,28,38,4,33,11,44,29,6,45,14,18,7,30,9,10,0,12,29,19,2,12,4,31,7,17,4,10,10,11,27,22,13,23,22,21,15,9,18,823,424,518,429,630,1838,2178,2923,1891,3435,1750,1531,1796,2619,1714,884,3086,1616,2423,1466,1707,3091,4303,1524,1440,1466,5090,926,1845,3506,1956,1983,1834,3009,3227,2184,3151,2166,2175,2826,2891,1600,750,2703,1604,2385,1262,1073,1557,2078,1288,2237,1095,2064,2508,1722,1613,1042,1820,679,1411,2451,734,1071,2228,2804,1485,1648,2444,2968,220,213,203,96,277,442
L5_F5,256,150,102,246,173,295,340,150,252,128,269,197,309,160,153,492,308,329,117,204,137,88,103,142,290,274,686,134,146,124,271,54,145,180,132,217,155,370,447,231,115,235,205,264,148,331,189,175,213,247,130,67,68,121,254,176,285,136,160,224,134,590,161,205,148,168,375,236,478,260,148,245,67,189,31,108,73,162,124,46,109,172,53,96,253,102,76,230,180,95,107,217,242,162,174,308,195,106,225,199,449,179,232,146,357,42,253,54,351,287,132,165,218,135,136,325,303,139,53,138,50,135,276,214,165,101,201,100,128,155,142,120,206,115,247,61,199,159,257,172,77,208,121,270,101,145,221,462,75,261,263,349,333,94,129,77,82,202,137,194,45,481,392,211,110,219,73,163,144,210,133,129,86,114,368,295,133,126,106,278,89,102,88,74,60,104,216,397,92,215,145,198,315,159,165,167,224,87,187,318,219,97,166,97,207,113,135,211,110,117,89,152,93,44,105,50,238,124,123,178,85,183,99,87,213,292,75,119,210,46,194,69,112,113,120,201,114,99,211,435,465,226,65,56,236,121,85,276,77,138,272,131,192,114,163,158,203,407,137,292,226,133,65,162,181,128,344,294,127,118,338,221,191,45,194,146,138,148,68,121,273,222,116,100,102,168,157,39,206,109,123,162,136,138,126,47,280,120,171,205,136,242,131,86,195,523,144,263,96,228,122,85,175,254,235,161,103,19,217,306,214,74,166,94,129,170,101,163,111,100,193,118,93,150,103,139,104,136,298,105,139,85,117,64,91,162,181,84,139,160,70,116,41,189,179,96,130,289,248,109,48,206,103,201,231,173,354,280,69,92,172,66,163,55,199,135,215,74,146,93,105,92,134,179,396,196,173,100,58,119,209,96,179,113,282,94,242,226,88,163,176,118,124,91,132,226,123,250,217,225,309,183,178,138,86,89,59,90,110,183,193,157,120,111,188,132,119,405,256,307,52,311,75,218,247,57,328,171,243,115,176,76,137,86,85,289,114,118,98,93,250,71,167,43,229,141,225,145,142,108,210,183,164,129,99,137,19728,17656,21240,11732,19351,29263,17831,23537,20641,24521,18887,16393,19395,20509,14248,8792,34610,12551,20944,11961,9463,25258,31210,14191,14747,15550,33277,16864,13022,24795,25622,21952,23403,32751,26220,22647,20135,19555,13355,17371,19844,15524,10184,19768,19660,21094,27450,13260,10075,16900,9584,32051,11828,18552,26978,17936,14803,12812,12554,9345,18301,25861,14449,7950,17016,25244,13590,24102,22925,25156,28320,13849,19213,9309,17271,40954
L5_unknown,50,17,19,50,27,65,62,28,49,25,50,34,61,23,24,94,58,68,18,47,38,13,28,37,54,60,117,29,16,17,57,15,43,26,12,41,29,65,92,34,22,43,33,63,35,73,41,56,55,54,22,27,11,20,53,45,54,32,18,54,16,124,23,46,31,41,79,28,90,41,41,57,16,27,12,12,12,41,28,10,18,15,10,12,38,19,12,57,31,15,21,34,52,41,34,51,44,24,45,37,82,24,42,26,59,6,51,10,71,57,14,30,30,33,15,46,66,15,15,28,19,24,58,39,35,14,49,12,19,35,32,9,55,18,35,16,42,23,45,18,22,46,26,42,19,14,46,73,16,51,39,89,61,18,26,23,17,31,22,40,2,81,84,28,24,47,16,32,28,40,20,35,17,15,60,59,20,28,20,54,14,29,16,12,6,18,49,65,16,30,24,29,55,26,36,28,50,25,15,64,43,8,23,14,41,24,24,35,9,22,15,22,26,12,18,4,41,16,21,27,23,32,19,20,41,52,21,24,31,5,33,6,22,24,30,37,22,23,32,112,99,57,11,13,35,13,14,42,8,23,60,25,40,17,20,28,47,47,18,75,36,35,13,33,22,32,69,63,25,33,78,41,40,4,27,20,38,14,7,19,64,31,22,17,31,34,22,9,26,12,16,31,40,16,20,10,49,16,31,37,18,60,16,18,35,117,20,51,20,44,25,8,17,43,58,17,21,6,42,39,33,12,37,18,19,33,11,30,20,25,36,12,26,19,27,21,23,28,58,21,30,13,20,12,19,24,37,21,13,20,15,13,7,37,46,32,21,57,45,28,14,28,12,59,38,27,64,45,21,13,25,13,28,15,42,19,53,8,43,16,17,21,30,41,91,36,34,24,16,15,29,15,25,29,48,20,47,39,18,27,36,19,33,13,28,34,25,37,28,39,53,28,22,15,22,16,6,20,17,26,26,27,31,21,35,26,28,65,43,57,3,58,14,39,53,7,73,20,37,24,40,13,26,10,15,48,23,16,11,25,55,11,30,14,15,31,31,31,28,13,41,40,45,17,16,26,2827,2081,2645,1325,2954,5044,3557,4436,3285,5276,3497,2850,3400,4155,2753,1771,6225,2319,3928,2247,1764,4479,5988,2778,2308,2613,7461,2269,2667,5178,4121,3793,3672,5264,5472,4079,4500,3705,2920,3976,4287,2749,1671,4096,3117,3992,3459,2141,2055,2966,1979,4814,2072,3373,4630,3158,2880,2037,2593,1448,2821,4546,1963,1541,3341,4412,2452,3670,4012,4493,3833,2463,3151,1455,2959,5866
L6_F1,65,14,18,62,52,49,78,29,92,19,48,56,88,11,43,109,88,74,18,37,57,34,34,29,60,46,113,35,10,17,61,8,39,32,32,48,33,92,101,33,29,59,35,107,35,61,52,59,67,65,19,10,20,19,70,60,53,35,27,82,14,221,32,56,58,61,95,55,174,91,67,74,19,35,7,11,20,51,47,12,17,15,6,6,58,22,4,81,36,30,33,51,68,47,50,39,47,43,62,50,148,46,80,36,73,10,57,11,110,79,42,33,22,28,22,38,84,21,11,44,22,34,79,49,44,17,42,15,22,53,28,15,66,14,35,11,51,23,78,22,18,37,34,76,18,4,40,89,22,46,26,128,93,16,25,13,17,23,14,32,18,63,158,28,34,61,34,44,39,45,15,36,21,11,93,73,23,44,9,58,12,32,21,4,8,24,62,60,21,18,35,39,85,43,39,30,59,27,32,96,25,14,16,10,41,30,28,44,11,35,16,26,39,13,6,10,64,17,30,37,17,27,16,17,66,73,29,33,56,10,18,12,34,16,15,36,36,25,36,111,131,77,31,18,56,13,9,19,13,36,71,36,54,18,21,45,56,42,16,96,67,27,24,50,26,31,77,72,30,24,129,47,45,11,40,37,56,26,26,46,39,35,29,22,21,29,45,12,22,32,26,16,44,24,18,3,37,10,43,50,33,85,29,29,58,117,20,50,27,51,20,17,12,17,60,24,25,8,25,60,48,6,41,19,10,26,12,48,39,37,41,17,27,16,53,14,24,39,52,24,28,7,35,18,5,42,55,28,24,39,29,45,12,52,57,30,36,84,50,25,11,35,14,70,33,40,90,50,24,20,30,20,37,18,53,30,51,10,57,12,15,31,38,43,102,39,34,24,4,41,56,18,7,29,65,24,69,26,22,40,64,14,32,23,65,43,47,49,30,28,76,39,36,23,21,17,5,31,11,35,35,26,36,5,45,22,24,71,47,65,13,82,26,71,98,13,87,19,37,24,59,20,26,14,27,52,27,16,18,19,71,7,35,12,31,37,32,22,15,16,48,43,44,29,8,31,4246,2849,2984,2208,5108,6318,4412,5873,3775,7032,3136,3016,5717,8718,5647,2695,9789,4648,5101,2777,3081,5620,8371,3160,2971,2859,10476,1795,3697,7254,4030,4181,3591,5948,6397,4136,6049,4252,4281,5844,5446,3166,1564,5080,3099,4539,2586,2209,2919,3773,2493,4299,2012,4210,4601,3559,3265,2133,3463,1290,2635,4792,1541,2100,6728,8768,4284,4943,7396,7430,7983,9821,9648,4573,7464,12180
L6_F2,54,33,29,95,55,82,93,31,85,32,54,63,88,22,45,123,91,106,16,40,64,20,43,36,77,65,168,35,22,28,80,15,56,36,30,58,47,101,129,26,35,65,45,119,30,78,63,61,91,76,14,20,16,30,76,54,104,68,25,98,34,240,27,68,53,53,93,59,167,68,66,95,23,49,11,20,14,43,45,13,13,22,14,23,42,36,8,99,61,30,35,64,87,85,75,42,55,36,95,63,125,68,83,42,76,20,63,22,140,100,49,31,32,25,23,69,84,35,18,41,23,40,92,62,54,9,36,28,26,53,33,25,110,22,40,14,54,48,59,25,20,51,36,72,34,18,31,112,25,64,40,134,107,16,44,15,25,17,16,44,14,91,179,47,55,83,35,56,43,36,17,54,38,36,86,82,7,47,14,85,31,58,23,11,14,18,99,70,19,19,32,80,92,49,56,48,96,33,38,90,45,9,20,20,39,40,30,38,12,27,19,50,48,11,10,17,57,16,49,42,24,37,22,13,61,57,34,47,61,11,18,26,41,44,31,37,44,32,49,145,171,82,10,12,66,15,10,42,16,47,91,37,54,29,23,57,68,54,34,113,79,42,19,46,28,32,88,89,54,31,161,67,61,17,28,42,43,26,23,26,59,74,34,17,19,73,45,14,16,19,24,37,65,25,14,4,50,26,66,40,31,97,43,41,52,182,17,69,39,54,36,14,24,40,70,23,28,6,20,74,68,22,50,28,22,35,12,54,38,41,57,26,26,28,49,34,20,32,86,15,45,16,37,18,6,34,49,26,12,45,17,42,11,42,52,29,38,53,86,40,10,55,23,65,46,48,111,75,28,20,38,28,38,29,79,31,50,11,44,22,9,16,61,54,135,38,45,28,21,22,52,36,24,29,82,23,68,14,35,44,86,21,32,18,34,51,66,62,23,47,86,50,35,27,29,14,4,25,22,40,39,33,44,6,66,31,31,85,70,84,7,88,22,53,46,9,99,39,31,12,63,13,46,19,21,74,41,11,40,21,79,22,40,11,28,54,49,43,55,24,48,49,56,34,21,31,6724,5104,5124,3633,8018,10055,5310,6873,4646,8211,3762,3703,2122,3316,2004,941,3400,2150,6086,3334,4019,7258,10374,3734,3433,3493,12212,2322,4427,8727,5056,5052,4453,7665,7580,4696,7252,5523,5083,6491,6696,3856,1962,6589,3874,5498,3155,2509,3495,4831,3168,5293,2439,5257,5435,4112,4049,2466,4401,1729,3164,5891,1915,2550,1875,2651,1507,1722,2224,4487,8706,10763,10017,4770,7725,12954
L6_F3,32,20,20,50,30,58,55,21,60,26,39,33,48,17,23,92,68,71,14,28,53,12,27,24,52,25,97,20,9,22,44,10,25,21,17,37,30,83,79,15,17,39,37,79,24,59,47,34,40,46,16,11,13,17,48,36,42,36,16,45,10,144,21,48,39,44,77,40,119,59,38,46,18,36,8,13,6,34,37,11,10,14,12,14,38,20,1,48,21,21,23,26,58,55,42,18,40,20,38,39,77,41,63,23,48,10,53,12,78,56,28,22,6,18,15,39,61,15,13,17,20,19,41,36,24,6,30,19,18,26,16,9,40,9,25,11,44,20,44,12,17,27,16,45,7,8,16,70,7,55,31,79,61,11,18,13,18,18,11,32,4,59,84,10,18,44,11,45,26,34,12,18,16,19,45,51,12,22,16,41,13,37,14,8,13,7,45,28,12,14,12,19,57,43,40,35,53,23,21,47,23,1,14,13,30,32,18,29,8,24,18,24,25,11,8,9,38,6,21,27,20,29,16,6,43,34,32,32,29,11,11,10,15,11,10,20,29,10,22,62,87,48,7,15,34,10,2,22,11,21,52,24,35,24,9,37,51,28,10,62,48,26,21,31,22,36,34,44,25,22,109,35,21,2,16,34,36,12,15,25,54,45,12,12,14,33,18,2,7,14,11,10,37,7,10,6,26,7,29,42,25,61,35,20,37,101,14,44,18,32,20,5,14,19,49,10,24,9,16,45,28,6,24,28,11,25,14,43,25,27,40,16,23,10,32,22,18,26,27,7,20,11,38,3,5,29,49,27,14,19,18,22,18,28,39,20,21,55,59,26,6,38,7,28,25,29,73,46,19,17,16,7,16,19,29,20,49,8,38,11,6,17,41,41,72,31,34,18,13,19,37,12,6,18,53,20,46,18,8,30,46,10,15,11,28,27,24,33,19,26,71,27,12,11,21,11,4,24,9,27,34,19,27,11,31,14,25,53,31,68,11,67,20,42,68,12,77,14,21,20,39,21,17,8,16,39,20,21,19,16,62,8,26,7,22,33,25,26,20,7,41,24,24,31,12,20,1418,770,899,617,1140,2932,3326,4204,2673,4968,2430,2291,3193,4943,3219,1546,5477,2817,3634,2177,2505,4416,6392,2288,2132,2175,7518,1274,2748,5288,2945,2954,2661,4388,4588,3010,4555,3173,2965,4150,4292,2400,1141,3765,2301,3457,1953,1480,2142,2869,1904,3383,1518,3060,3433,2509,2512,1448,2598,1067,1981,3408,1119,1565,3973,4937,2572,2837,4411,4565,371,452,427,184,560,863
L6_F4,48,16,28,51,35,63,46,20,69,28,48,45,82,15,34,111,83,74,8,29,60,14,28,32,78,48,126,41,7,28,60,11,38,25,26,38,32,68,99,23,18,30,35,74,23,73,44,67,61,50,14,16,20,20,39,40,47,47,14,59,15,152,32,67,43,62,68,29,124,53,54,66,16,38,5,22,7,25,28,3,30,7,5,14,46,29,10,65,35,33,22,42,56,56,44,30,59,32,51,44,105,48,56,33,57,13,61,13,111,60,37,35,15,29,18,32,59,27,20,33,12,25,59,42,45,18,32,11,18,42,22,13,65,19,30,12,42,21,70,9,21,40,15,52,14,11,25,110,13,35,23,94,91,14,31,12,14,14,24,52,17,77,103,23,30,49,21,40,43,40,20,29,25,14,64,80,13,36,15,74,15,28,8,11,8,13,51,33,11,10,22,28,73,51,37,32,39,21,33,61,32,8,14,12,29,30,33,40,12,21,20,52,17,9,7,10,59,11,33,40,17,31,18,15,46,52,25,24,41,15,24,12,21,23,12,19,34,25,22,83,128,60,6,5,38,12,6,42,9,26,51,28,55,30,15,39,45,31,16,75,65,37,17,37,26,38,61,43,38,16,139,38,30,10,25,33,39,14,14,34,38,38,20,24,16,46,33,8,14,22,24,18,34,30,14,4,35,18,44,52,25,94,33,23,60,127,17,58,23,39,22,20,17,22,51,17,25,4,11,56,44,5,48,14,17,24,15,42,27,25,41,10,15,17,38,21,17,20,41,13,34,2,29,14,5,32,25,11,10,28,21,26,11,42,28,23,30,48,66,22,8,32,10,43,43,54,72,60,15,18,16,21,28,14,44,27,45,8,35,21,8,23,54,30,87,31,26,13,10,26,44,10,15,13,70,20,48,28,26,27,51,11,21,3,45,37,36,76,30,41,75,29,20,25,8,7,6,15,10,45,24,21,23,3,35,17,25,71,69,52,3,49,11,32,27,16,78,14,20,14,29,16,40,15,14,29,23,10,21,33,70,10,44,13,12,30,34,33,29,17,35,37,42,23,16,6,1508,692,1106,769,1487,3785,3753,4890,3228,5884,2816,2707,916,1471,819,439,1431,1114,4531,2443,2833,5132,7445,2809,2501,2448,9138,1511,3204,6291,3428,3558,3111,5096,5413,3539,5142,3770,3677,4921,5147,2852,1422,4664,2775,4000,2189,1844,2476,3518,2234,3800,1714,3519,4291,2913,2914,1796,3144,1168,2214,4302,1357,1850,623,823,659,652,814,2667,472,474,543,236,634,1087
L6_F5,337,192,120,286,180,325,348,190,281,134,334,220,368,178,170,554,338,359,141,281,201,93,112,175,347,317,755,176,154,134,320,61,212,196,132,247,174,401,475,265,118,252,223,339,163,395,268,227,254,282,150,98,86,146,299,218,354,155,168,243,157,718,192,235,168,235,465,227,523,325,166,247,72,208,19,115,83,128,147,37,147,182,61,119,295,113,80,256,179,103,130,267,245,211,196,358,213,164,241,211,541,224,273,149,460,61,320,65,433,308,134,195,258,192,140,340,356,170,62,156,92,148,285,215,194,102,257,114,179,182,157,132,252,144,261,77,223,175,283,201,89,284,144,346,93,157,249,453,83,343,311,452,351,94,182,91,87,205,184,292,44,578,493,241,180,247,106,190,159,259,159,154,114,117,396,370,141,141,125,376,101,110,111,86,62,95,288,491,84,236,190,227,372,195,200,191,301,130,214,389,218,98,186,89,198,125,148,244,124,126,127,189,110,48,126,48,266,128,151,196,99,163,104,94,243,334,91,139,237,44,221,78,123,119,107,248,139,125,235,532,602,301,82,81,252,148,104,354,112,163,314,135,225,124,162,154,257,480,165,370,268,167,73,155,229,170,435,347,142,173,409,217,227,42,221,125,166,144,80,122,343,248,167,108,124,223,244,63,255,153,120,191,168,152,113,61,371,161,199,218,172,319,142,91,224,642,148,331,109,280,157,117,189,325,274,163,118,20,261,347,250,98,189,103,178,223,102,210,153,121,183,122,98,209,97,160,109,140,331,128,163,92,132,75,117,178,237,104,171,181,78,171,50,245,186,129,133,342,287,104,61,220,122,250,259,208,478,275,90,102,220,64,165,73,265,139,248,61,192,107,105,102,160,191,469,180,171,99,80,133,266,115,209,136,281,95,276,239,122,198,188,124,144,95,148,234,167,294,226,273,337,196,168,150,102,101,76,112,118,212,234,202,155,125,229,149,134,433,304,352,66,339,98,237,281,79,421,180,300,101,182,73,170,103,108,315,104,140,115,107,273,92,197,42,245,123,229,154,141,108,242,248,230,136,112,145,22783,20771,24257,13565,22606,33974,21160,27402,23431,28170,21822,19256,22779,24217,16870,9984,39431,14738,24863,13894,11137,29114,36519,16586,16871,18113,38942,19507,14796,28722,29741,25557,27084,37920,30004,26047,23604,22736,15651,20477,23091,18499,12148,23427,22155,24475,32122,15130,11940,20032,10853,35873,13902,21121,31315,20629,17098,14699,14554,11073,21634,29788,16986,9426,19830,29306,15620,27970,26109,28681,33457,16083,22172,10923,19870,47661
L6_unknown,36,27,19,42,28,54,45,28,50,27,54,40,45,18,20,95,65,47,17,35,28,15,28,36,47,47,109,31,25,16,50,6,35,22,24,49,29,55,80,32,16,35,25,42,26,56,37,32,38,51,12,14,13,27,46,31,48,26,22,30,13,128,24,45,24,35,60,30,78,43,42,44,8,36,10,21,9,26,21,4,27,14,10,8,47,18,9,44,29,24,14,22,44,52,30,37,33,22,49,35,72,32,38,31,65,9,47,19,69,48,26,38,32,25,21,36,50,16,14,37,7,38,62,41,28,11,43,7,15,35,35,15,34,16,37,14,29,21,40,18,14,30,18,63,19,23,29,90,15,45,33,91,63,16,25,16,14,31,31,39,7,71,84,20,27,37,22,27,26,32,31,32,18,22,71,52,22,30,18,64,15,15,17,11,8,16,54,68,12,28,20,34,58,33,26,34,38,21,26,55,41,12,18,17,38,21,15,32,14,20,15,29,20,9,8,6,36,17,34,34,10,23,12,9,39,39,13,27,37,8,28,13,26,27,12,27,28,24,30,90,82,49,12,12,42,16,10,48,9,28,49,31,45,13,19,18,32,48,25,55,50,33,17,20,16,28,58,51,29,13,92,43,35,6,24,27,30,21,14,21,52,39,16,12,16,41,33,8,25,26,20,20,29,29,18,7,55,22,27,36,34,38,20,21,30,99,15,52,22,33,8,13,22,37,41,27,26,2,22,45,36,12,36,17,22,30,20,29,17,18,32,9,22,21,12,25,20,28,52,25,14,12,18,9,7,27,26,14,26,29,15,31,9,52,25,15,19,35,46,16,6,42,8,29,34,24,70,43,17,11,26,15,27,13,36,22,34,18,21,20,16,19,21,37,85,25,33,14,12,24,40,23,24,25,43,15,41,36,21,28,44,16,24,14,28,29,30,46,32,49,35,31,27,20,12,14,9,21,19,30,24,32,24,16,39,23,21,59,50,63,7,49,16,28,46,12,61,25,33,19,36,13,27,11,20,46,23,15,15,21,44,15,24,9,37,22,29,29,27,13,37,30,30,10,8,22,3118,2530,2850,1494,3169,5044,3295,4096,3203,4838,3280,2644,3023,3625,2290,1529,5526,1982,3707,2020,1644,4143,5178,2566,2349,2514,6852,2290,2420,4869,4056,3594,3577,4795,5218,3826,4177,3321,2694,3673,3831,2638,1611,3861,2964,3653,3570,2127,1809,2942,1711,4845,1973,3129,4534,2967,2666,1989,2302,1355,2777,4350,2021,1418,2649,3892,2021,3338,3436,3847,4460,2758,3569,1703,3230,6406